annual_rainfall_mm,monsoon_rainfall_mm,pre_monsoon_rainfall_mm,post_monsoon_rainfall_mm,cloud_visibility_km,flood
2889.7,1618.7,239.0,1031.9,7.77,1
1985.0,1498.5,296.6,189.9,11.12,1
3118.2,2604.2,514.6,50.0,3.23,1
2682.9,2142.9,201.2,338.7,6.93,1
1054.3,667.5,59.6,327.1,8.22,0
3434.2,1943.7,398.2,1092.3,11.17,1
2855.1,2375.7,474.2,50.0,14.48,1
2922.4,2428.8,431.4,62.1,12.8,1
1145.9,813.3,177.9,154.7,9.51,0
2016.0,1497.3,222.6,296.1,8.96,0
1801.2,1240.6,153.5,407.0,9.25,0
3302.3,2232.1,428.5,641.6,8.41,1
2538.4,1487.1,204.7,846.6,1.36,1
3021.5,1749.5,480.2,791.7,10.63,1
1997.2,1237.9,158.9,600.4,10.89,0
1413.5,1132.2,132.4,148.9,7.93,0
2297.4,1364.1,289.4,643.9,13.12,0
972.3,600.9,119.6,251.8,10.25,0
3034.6,2168.5,425.2,440.9,5.76,1
2505.5,1539.7,289.7,676.1,0.79,1
2846.8,1705.1,535.0,606.7,1.36,1
1757.2,1263.4,309.3,184.5,5.6,1
3420.9,2259.2,622.1,539.5,7.2,1
3211.4,2369.5,463.8,378.1,2.92,1
2901.6,2390.0,421.5,90.2,3.25,1
1325.5,789.1,187.4,349.0,3.84,0
2060.1,1697.6,237.4,125.1,11.82,0
918.3,753.7,90.3,74.3,11.68,0
1216.6,971.7,168.9,76.0,6.05,0
2644.2,1955.1,142.3,546.8,3.0,1
2810.9,2068.9,143.7,598.3,2.11,1
3412.3,2531.1,606.5,274.7,1.76,1
1679.7,1271.8,95.7,312.2,6.17,0
1800.2,999.0,231.7,569.5,1.16,1
2067.8,1731.6,294.1,50.0,5.34,1
1311.6,951.8,104.6,255.2,14.44,0
1150.8,902.7,212.2,50.0,7.86,0
2084.4,1382.3,163.7,538.4,12.43,0
1412.7,782.2,258.1,372.4,2.37,0
2608.5,1833.6,429.0,346.0,4.39,1
1980.3,1390.5,170.5,419.3,14.22,0
3048.2,2076.1,221.3,750.8,6.06,1
2690.7,1754.1,262.2,674.4,9.9,1
1643.4,1027.0,180.3,436.1,14.65,0
3047.1,2158.2,264.7,624.3,8.49,1
2972.9,1969.8,594.1,409.0,4.93,1
1846.2,1552.6,155.9,137.7,8.21,1
1578.5,950.1,275.6,352.8,1.29,1
2642.7,1706.9,195.2,740.6,2.13,1
1177.3,751.4,232.0,194.0,0.6,0
1339.8,955.2,112.3,272.2,13.32,0
819.9,573.7,92.9,153.3,10.23,0
2924.7,2173.4,391.3,360.0,4.83,1
2595.1,2166.9,176.6,251.6,3.71,1
2703.9,1718.5,466.5,518.9,10.4,1
2908.0,2203.7,265.2,439.0,13.83,1
2039.1,1136.8,270.0,632.3,4.84,1
2335.6,1468.4,309.3,557.8,5.16,1
1177.5,811.4,165.3,200.7,12.89,0
1109.2,620.4,64.7,424.1,13.45,0
2604.7,1915.2,196.1,493.3,13.75,1
2072.0,1561.2,153.7,357.1,4.75,1
2326.1,1800.5,221.7,304.0,2.24,1
2865.5,2020.1,205.6,639.8,6.88,1
2513.7,1838.0,473.3,202.4,4.79,1
2294.7,1534.7,291.3,468.7,13.32,0
2309.9,1299.0,331.5,679.3,1.03,1
1620.7,940.0,167.9,512.8,9.69,0
883.2,659.3,80.8,143.1,13.64,0
1979.1,1679.6,248.3,51.2,14.66,0
1379.4,765.2,129.9,484.3,9.93,0
1903.0,1365.0,193.2,344.8,14.27,0
3104.2,2406.7,366.0,331.5,1.6,1
1431.6,1142.5,180.2,109.0,5.71,0
957.4,683.2,189.2,85.0,0.63,0
1559.7,1147.9,130.2,281.6,14.73,0
1592.7,1208.9,196.2,187.6,13.59,0
2587.2,2089.6,187.4,310.2,0.91,1
2304.0,1351.7,236.2,716.1,0.76,1
2916.5,2414.5,459.6,50.0,5.82,1
2593.6,1446.7,197.6,949.3,4.25,1
1897.2,1519.4,260.3,117.5,12.78,0
2997.9,1717.8,337.3,942.7,2.83,1
1250.8,761.0,72.2,417.6,11.96,0
861.3,474.7,163.6,223.0,8.54,0
1043.1,713.1,116.9,213.2,5.97,0
2750.4,1788.6,460.9,500.9,2.61,1
2047.1,1227.8,230.2,589.1,14.97,0
1235.4,846.7,235.5,153.3,9.46,0
2152.8,1443.9,201.4,507.5,6.87,1
1211.2,945.1,135.5,130.7,5.88,0
2680.1,2192.1,439.1,50.0,13.63,1
2004.6,1495.0,203.6,306.1,12.41,0
1828.8,1074.1,191.4,563.3,12.26,0
1614.1,1030.8,321.6,261.7,9.43,0
2501.8,2061.4,333.6,106.7,13.38,1
1776.9,1024.6,272.6,479.7,4.84,1
1036.7,696.7,151.9,188.1,10.7,0
1118.6,931.5,194.9,50.0,6.36,0
3397.1,2837.3,609.0,50.0,9.2,1
3253.2,2190.6,437.5,625.1,14.97,1
2689.2,2017.5,253.3,418.4,14.78,1
1517.8,1042.8,81.1,394.0,7.93,0
3416.8,2651.5,485.7,279.5,8.82,1
2902.6,1623.9,504.5,774.1,13.51,1
2735.6,1622.9,321.7,791.1,14.79,1
2013.3,1478.3,150.4,384.6,11.79,0
1535.1,951.4,143.1,440.6,1.45,0
1060.3,795.0,134.1,131.1,5.18,0
3237.0,2121.4,568.1,547.5,13.5,1
2030.6,1657.0,153.8,219.8,11.64,1
1346.4,1071.4,190.9,84.0,11.26,0
1626.1,1134.8,265.1,226.3,10.18,0
2363.9,1848.3,450.1,65.5,6.52,1
1277.3,806.4,86.2,384.7,6.35,0
3112.9,2173.6,588.2,351.0,12.23,1
2848.0,1735.1,399.3,713.5,4.76,1
2742.5,2216.7,452.5,73.3,10.43,1
1966.7,1567.3,114.2,285.2,11.03,0
2493.7,2046.5,314.0,133.2,12.75,1
2377.1,1933.1,340.9,103.1,5.14,1
2554.6,2140.4,245.3,168.8,11.26,1
1028.0,635.8,118.0,274.2,2.04,0
1922.7,1595.0,256.0,71.7,2.5,1
912.4,658.1,121.2,133.0,6.55,0
2133.8,1444.0,120.1,569.7,1.3,1
1690.6,1214.1,196.0,280.6,14.24,0
1190.2,776.9,97.7,315.6,13.58,0
1079.2,687.0,202.4,189.9,1.21,0
2386.6,1485.4,468.9,432.3,12.66,1
1260.6,724.5,119.7,416.4,7.88,0
3297.8,2305.1,251.6,741.2,10.68,1
2368.9,1933.8,196.4,238.7,13.36,1
1736.5,1283.4,211.3,241.9,8.87,0
2395.5,1691.9,434.0,269.6,2.19,1
861.6,584.6,107.7,169.2,0.54,0
3388.1,2335.5,197.6,855.1,7.71,1
2102.2,1288.2,117.7,696.3,14.26,0
2913.4,2321.6,245.0,346.7,8.8,1
1023.4,623.8,180.5,219.1,5.91,0
2114.0,1617.2,302.8,194.0,0.95,1
2124.9,1653.2,285.7,186.1,13.77,0
3332.1,2407.3,326.0,598.8,5.24,1
2343.7,1895.7,443.9,50.0,10.72,1
2078.4,1324.6,207.2,546.6,10.57,0
1520.8,1238.7,266.5,50.0,4.18,1
1695.2,1303.3,312.6,79.3,1.42,1
2205.8,1741.8,270.2,193.8,6.08,1
1985.1,1487.6,365.5,132.0,5.1,1
858.4,690.0,78.6,89.8,10.65,0
3031.0,2570.1,450.9,50.0,12.39,1
3219.6,2176.6,203.5,839.5,3.73,1
1178.7,936.1,142.7,99.9,8.16,0
2295.9,1775.6,189.6,330.7,1.09,1
1093.2,749.8,64.9,278.5,3.61,0
2615.0,2165.5,132.2,317.4,11.55,1
1559.3,1042.1,153.9,363.3,12.0,0
2580.4,1857.0,357.2,366.2,11.76,1
2762.9,1607.4,326.8,828.7,2.56,1
2875.3,1776.2,273.9,825.2,8.49,1
1090.9,875.1,216.7,50.0,6.63,0
3273.2,2189.7,625.0,458.6,14.88,1
1421.6,949.9,97.9,373.8,9.98,0
901.0,562.0,101.2,237.8,14.06,0
2298.1,1602.9,338.6,356.6,2.61,1
1801.5,1426.3,288.3,86.9,7.04,1
3040.4,2488.7,319.1,232.6,11.69,1
2982.3,1703.0,483.0,796.3,5.83,1
1656.3,1196.6,113.7,346.0,9.67,0
3372.8,2327.9,336.5,708.4,7.92,1
1585.5,1164.2,249.7,171.6,14.88,0
2190.7,1498.8,315.1,376.7,3.02,1
1491.1,998.4,261.8,230.9,14.06,0
3327.3,2301.1,189.8,836.5,6.32,1
1244.4,901.7,94.8,247.9,7.29,0
921.3,645.2,52.8,223.3,8.16,0
1974.8,1365.8,155.6,453.3,4.35,1
3479.4,2767.4,176.2,535.9,14.47,1
3207.5,2481.6,403.0,322.9,13.72,1
2821.2,1840.6,364.6,616.0,14.61,1
3205.1,2532.6,476.6,196.0,14.96,1
3212.3,2589.4,346.1,276.8,10.21,1
2200.9,1311.9,111.1,778.0,7.05,1
1653.0,1198.1,249.7,205.2,12.84,0
2884.4,1833.3,167.7,883.4,0.85,1
2586.5,1996.1,465.4,125.0,12.6,1
1808.9,1124.5,96.6,587.8,7.71,0
1055.1,792.8,136.7,125.6,10.26,0
2816.3,1764.5,518.9,532.9,5.92,1
1508.6,1061.1,205.0,242.6,5.85,0
3329.4,2778.7,470.3,80.4,0.96,1
1450.6,963.8,220.8,266.0,6.64,0
1131.4,919.6,77.3,134.5,6.42,0
3044.0,2575.5,460.4,50.0,3.76,1
1213.9,986.2,221.0,50.0,4.09,0
1284.0,770.1,251.8,262.1,8.97,0
2418.3,1924.7,281.6,212.0,5.11,1
3161.3,1769.2,321.4,1070.7,12.54,1
1330.4,888.7,216.8,224.9,2.12,0
1637.9,1328.7,215.3,93.9,8.88,0
2899.0,2193.5,256.8,448.7,2.82,1
3423.9,2430.4,259.6,733.9,8.16,1
2152.0,1434.0,162.6,555.4,8.51,1
1188.5,943.3,141.3,103.9,9.81,0
837.6,639.0,63.3,135.4,6.7,0
1420.1,980.6,75.2,364.3,7.89,0
1155.9,945.2,66.8,143.8,3.12,0
2629.7,1627.7,498.3,503.7,7.21,1
1128.9,678.6,68.8,381.5,5.91,0
2167.1,1609.8,132.1,425.1,10.16,0
2674.5,2250.9,314.7,108.9,6.8,1
2369.0,1478.7,205.5,684.8,11.8,0
1339.4,837.0,260.4,242.0,6.68,0
2971.1,1758.5,554.6,658.1,3.92,1
2731.6,2207.6,302.4,221.6,4.47,1
2795.3,1727.2,327.9,740.1,1.16,1
1153.9,808.8,122.6,222.4,8.33,0
1134.1,960.9,63.1,110.1,12.55,0
3304.4,1829.5,310.4,1164.6,11.65,1
1873.5,1343.2,128.1,402.1,6.85,1
1612.6,1134.7,105.4,372.4,3.34,1
2119.2,1678.9,284.2,156.0,13.02,1
2589.7,1700.4,167.9,721.5,1.32,1
3380.2,2275.2,221.2,883.8,6.29,1
1573.4,944.6,192.1,436.7,12.92,0
3297.0,2546.1,383.6,367.3,6.2,1
867.1,681.0,61.3,124.8,2.21,0
2299.0,1358.7,116.5,823.8,4.36,1
2511.7,1677.9,198.3,635.5,9.2,1
1085.9,888.1,92.7,105.1,2.7,0
1178.9,649.4,200.5,329.1,10.0,0
1931.6,1235.5,361.8,334.3,6.85,1
3408.8,2442.5,378.0,588.3,5.35,1
2409.3,1566.6,266.8,575.9,3.99,1
3319.2,2096.4,520.7,702.1,12.44,1
2971.8,2044.6,428.0,499.1,6.25,1
2061.9,1246.3,160.0,655.5,11.21,0
2918.9,2069.1,193.1,656.6,6.89,1
848.2,646.3,98.1,103.8,1.83,0
1094.7,791.0,147.5,156.2,6.89,0
3039.5,1756.6,215.2,1067.6,7.86,1
2951.4,2370.9,277.4,303.1,7.14,1
1428.1,860.4,136.9,430.7,12.34,0
2233.1,1740.6,199.2,293.3,13.71,0
2436.2,1603.5,290.2,542.6,11.91,1
3142.9,2466.6,465.0,211.2,8.95,1
2428.4,1485.9,307.0,635.5,8.35,1
1913.9,1159.8,153.5,600.6,9.85,0
1810.3,1265.6,118.5,426.2,4.67,1
1949.9,1091.7,337.9,520.3,12.27,0
2560.2,1581.2,312.1,667.0,12.92,1
3142.2,2410.7,186.4,545.1,4.37,1
2025.5,1622.9,179.7,222.9,13.59,0
1469.2,843.6,250.6,374.9,12.81,0
1439.0,1172.2,234.2,50.0,6.66,0
2814.2,2221.2,510.4,82.7,13.68,1
3004.7,2436.6,421.6,146.6,2.25,1
1084.3,823.5,123.0,137.7,0.91,0
979.7,737.0,111.7,131.0,5.54,0
2405.0,1701.6,190.2,513.2,8.7,1
1194.7,891.0,176.4,127.3,5.6,0
3026.6,2499.2,416.9,110.5,14.16,1
1637.9,950.2,119.9,567.7,4.19,0
1188.5,766.2,217.3,204.9,4.58,0
3286.6,1879.1,346.0,1061.6,9.71,1
1246.9,1039.2,71.6,136.0,0.56,0
1568.7,1072.4,155.6,340.8,11.05,0
1214.8,914.2,219.2,81.3,5.97,0
1111.8,892.1,208.5,50.0,14.68,0
857.1,726.2,105.9,50.0,10.53,0
949.6,568.3,183.7,197.5,1.26,0
1271.5,1004.3,230.5,50.0,1.84,1
944.1,770.6,164.1,50.0,1.78,0
2396.1,1353.0,428.8,614.3,14.31,1
2637.9,2047.6,283.0,307.3,10.42,1
1862.8,1222.8,304.5,335.5,6.7,1
1658.6,1234.9,226.6,197.1,3.41,0
2162.2,1522.7,341.5,298.0,13.17,1
3162.5,1985.8,242.5,934.2,3.42,1
3098.1,1829.6,494.8,773.7,10.75,1
917.4,536.7,177.6,203.0,11.57,0
1290.0,749.5,123.1,417.5,4.77,0
1439.2,1066.9,284.9,87.4,7.82,0
1473.3,965.7,157.3,350.4,3.73,0
2342.3,1440.5,187.3,714.5,5.99,1
1923.9,1457.5,128.6,337.8,14.49,0
933.0,705.4,156.5,71.1,10.55,0
1808.8,1287.4,241.0,280.4,12.78,0
2214.1,1838.8,212.7,162.6,8.34,1
1074.5,715.2,151.8,207.5,3.97,0
3050.3,2442.6,304.5,303.3,10.84,1
940.3,538.4,110.3,291.7,7.76,0
3297.1,2545.2,591.5,160.4,3.06,1
1067.6,903.8,160.4,50.0,6.48,0
3077.7,2474.4,505.8,97.4,9.71,1
3237.2,2343.4,445.2,448.6,11.16,1
3444.8,2542.4,684.5,217.9,4.03,1
2965.5,1945.3,255.7,764.5,13.2,1
2904.6,2189.6,259.5,455.5,6.0,1
2534.7,1979.9,161.9,392.9,4.43,1
2903.3,2466.3,386.4,50.6,3.33,1
1163.3,811.7,165.2,186.4,12.16,0
2247.4,1277.4,357.1,612.9,5.64,1
2188.4,1594.8,219.5,374.1,7.51,1
3115.4,1824.7,161.5,1129.2,3.73,1
2049.6,1277.8,296.8,475.0,10.45,0
1839.7,1193.3,367.6,278.8,11.82,0
2526.8,1943.9,238.0,344.9,5.42,1
1519.5,919.5,117.9,482.1,14.2,0
1177.4,706.1,108.6,362.6,0.94,0
2090.3,1177.8,237.9,674.5,2.43,1
1925.6,1563.5,168.8,193.3,9.04,0
1427.9,1082.5,145.7,199.8,10.67,0
1792.3,1007.2,261.2,523.9,4.13,1
1789.3,999.3,182.1,607.9,8.53,0
1684.2,1208.6,184.3,291.4,5.12,0
1824.6,1158.2,102.2,564.2,8.53,0
2651.5,1933.0,497.7,220.8,10.06,1
1601.6,1089.7,177.8,334.1,14.61,0
3361.9,2780.3,333.6,248.1,7.11,1
3274.1,2083.5,206.2,984.5,9.9,1
2098.5,1581.7,304.5,212.2,8.88,1
1686.6,955.0,302.9,428.7,5.1,0
2245.7,1879.1,126.1,240.4,4.17,1
3091.1,2609.6,221.9,259.6,14.82,1
2562.0,1977.1,184.4,400.5,3.5,1
2971.9,2049.3,417.1,505.5,11.96,1
2238.4,1378.8,421.2,438.3,2.63,1
2508.9,1991.4,290.2,227.3,12.16,1
1578.0,1216.5,160.3,201.2,3.19,1
2784.2,1716.7,459.0,608.5,14.52,1
1346.5,922.8,217.3,206.4,10.45,0
2676.0,1843.3,232.8,599.8,1.81,1
3123.9,2492.7,231.6,399.7,10.55,1
1156.7,873.5,119.9,163.3,9.25,0
2458.8,1826.8,409.0,223.0,5.39,1
1056.8,787.2,163.0,106.5,4.28,0
2759.4,1741.6,413.6,604.3,10.92,1
1028.1,680.1,179.3,168.7,11.25,0
3327.0,1875.4,304.7,1146.9,5.24,1
1171.0,920.5,118.2,132.3,13.21,0
3389.0,2304.2,191.0,893.8,4.4,1
2962.4,2018.8,534.2,409.5,1.51,1
2402.9,1498.5,330.1,574.4,9.2,1
2913.1,1785.2,275.9,851.9,2.05,1
2946.8,2140.4,178.0,628.4,4.51,1
3354.3,2078.9,531.7,743.7,7.85,1
1484.1,844.9,240.9,398.4,4.65,0
2393.2,1867.3,358.8,167.1,3.62,1
1056.6,700.5,85.1,271.0,10.7,0
2463.6,1636.0,460.7,367.0,8.43,1
1262.5,857.7,205.8,199.0,12.68,0
2325.4,1847.5,345.7,132.1,8.93,1
2345.6,1515.8,346.3,483.4,7.51,1
2058.2,1600.0,382.1,76.0,4.29,1
2211.1,1839.3,418.4,50.0,11.98,1
2862.6,2142.0,398.9,321.7,3.35,1
2958.0,2009.9,332.8,615.2,4.01,1
2128.8,1648.4,222.6,257.8,12.7,1
2418.9,1662.7,418.1,338.1,11.25,1
3314.3,2235.0,486.2,593.2,9.39,1
1123.3,794.8,69.2,259.3,1.06,0
1116.2,720.3,79.6,316.3,2.35,0
1036.8,602.7,191.8,242.3,7.75,0
2576.2,1737.6,470.6,368.1,11.32,1
1930.2,1133.4,372.1,424.8,7.23,0
2890.7,1945.8,330.0,614.8,0.75,1
2612.3,1873.2,437.8,301.2,3.17,1
1700.8,1410.3,296.3,50.0,9.04,0
3225.6,1809.1,314.0,1102.4,10.57,1
2858.8,2105.4,205.3,548.2,0.98,1
1530.4,1051.9,305.4,173.1,1.13,1
1783.3,991.7,97.2,694.4,4.29,0
1649.0,1030.4,230.2,388.4,1.71,1
1225.6,717.6,180.8,327.1,8.36,0
1199.0,737.4,182.6,279.0,2.29,0
3327.5,2104.2,294.0,929.3,9.9,1
1982.3,1328.9,313.7,339.7,11.77,0
1835.0,1300.5,151.3,383.2,14.57,0
2770.2,1524.4,483.0,762.8,14.25,1
2293.1,1372.5,190.0,730.5,4.46,1
3327.6,1923.6,514.1,889.9,0.93,1
2906.8,2078.1,486.9,341.8,5.28,1
2094.3,1358.6,164.1,571.6,10.77,0
1816.2,1297.7,155.6,362.8,1.37,1
3463.9,2135.7,578.0,750.2,5.72,1
2738.0,1525.8,172.2,1040.0,4.82,1
3368.2,2803.7,264.8,299.7,3.68,1
1119.9,652.3,132.5,335.0,10.74,0
3096.4,1820.9,586.9,688.7,10.06,1
2520.1,1496.8,338.4,684.8,8.26,1
1129.2,953.5,122.1,53.6,13.71,0
2388.3,1756.1,469.9,162.3,2.0,1
2652.5,1944.5,317.1,390.9,2.67,1
833.2,704.9,95.9,50.0,6.06,0
2026.7,1168.4,226.5,631.8,10.01,0
3028.6,2551.1,293.2,184.2,8.97,1
1597.5,976.4,157.9,463.2,1.57,0
2038.1,1501.9,312.2,224.0,14.4,0
1994.2,1348.2,111.9,534.2,4.92,1
1615.2,1074.4,246.0,294.8,5.71,0
3279.8,2720.2,263.0,296.6,9.54,1
2909.5,1730.5,313.2,865.9,14.2,1
1098.6,932.8,79.1,86.7,10.11,0
3492.0,2317.8,464.1,710.1,14.34,1
3173.8,2363.3,505.9,304.6,3.22,1
1566.6,1316.5,161.7,88.4,9.47,0
3059.6,1735.7,228.0,1096.0,12.52,1
1087.3,899.1,91.3,97.0,7.88,0
3497.6,2519.5,604.1,374.0,5.75,1
2597.3,1977.4,234.1,385.8,14.78,1
2555.3,1519.8,424.7,610.8,2.54,1
1044.2,741.4,104.1,198.7,6.46,0
3222.0,2423.1,252.3,546.6,13.16,1
878.3,603.3,139.7,135.3,13.56,0
1450.2,865.1,174.4,410.7,14.72,0
1186.2,739.3,64.9,382.0,13.33,0
2897.3,2336.1,562.0,50.0,1.24,1
1335.2,748.1,96.3,490.7,13.98,0
3258.7,2485.3,335.7,437.7,6.71,1
2571.9,2185.7,277.0,109.2,9.95,1
897.6,495.7,110.8,291.1,6.22,0
814.7,487.4,136.7,190.5,12.3,0
939.5,706.7,47.8,184.9,8.85,0
2436.0,1383.6,462.5,589.8,12.76,1
2964.0,2154.6,435.4,374.0,3.31,1
1444.1,1090.6,278.1,75.4,3.18,1
3093.4,2247.2,533.9,312.3,6.89,1
954.5,629.6,180.6,144.4,0.57,0
2962.6,2249.2,415.2,298.2,10.55,1
3305.0,2407.0,342.4,555.6,4.79,1
2884.7,1766.3,335.9,782.5,8.58,1
2684.9,1930.3,399.3,355.4,1.52,1
3062.5,2494.7,349.3,218.6,2.97,1
908.4,681.4,145.1,81.9,9.53,0
1344.8,930.0,85.8,329.1,4.93,0
1137.3,735.2,198.5,203.6,3.61,0
2162.2,1244.9,174.3,743.0,3.82,1
2812.0,1753.0,538.8,520.3,3.61,1
2501.0,1384.0,183.4,933.7,9.53,1
3098.1,2620.9,214.9,262.2,2.93,1
1219.1,751.9,209.4,257.8,5.76,0
2783.5,2211.4,481.0,91.1,10.47,1
1321.2,793.5,212.5,315.2,7.95,0
1531.0,972.3,297.1,261.6,9.16,0
2716.7,1835.1,246.1,635.5,4.14,1
3446.6,2231.0,599.7,615.8,14.02,1
2451.2,1935.2,252.0,264.0,6.5,1
947.2,793.1,123.7,50.0,4.66,0
2464.0,2002.2,287.9,173.9,13.61,1
914.3,545.0,46.5,322.8,10.0,0
3187.2,2495.6,434.0,257.6,9.4,1
2715.9,1614.3,440.3,661.3,13.36,1
1267.4,1044.4,96.6,126.5,1.35,0
1047.6,739.0,198.8,109.9,12.65,0
1295.5,843.3,167.9,284.4,10.33,0
3446.1,2057.7,264.4,1124.0,5.72,1
2038.1,1128.2,299.4,610.5,4.22,1
2917.0,1821.3,229.8,865.9,2.02,1
2518.3,2075.6,149.9,292.8,14.15,0
2345.5,1851.0,358.4,136.1,2.56,1
1191.9,1002.3,79.4,110.2,4.26,0
3354.3,1946.2,221.2,1186.9,10.52,1
1613.6,1174.2,259.8,179.7,10.8,0
2360.6,1480.5,137.6,742.6,2.83,1
2689.4,1917.2,461.1,311.0,12.3,1
2552.9,1649.5,432.5,470.9,7.9,1
3339.6,2120.8,237.8,981.0,12.8,1
1200.8,867.2,153.4,180.2,1.77,0
2172.6,1314.4,140.1,718.1,1.12,1
1890.9,1306.1,274.0,310.8,9.74,0
2080.3,1550.3,123.6,406.3,2.68,1
1121.9,660.2,215.0,246.7,8.11,0
1162.1,963.6,94.3,104.2,0.7,0
1550.8,1088.2,236.4,226.2,11.81,0
1622.7,1291.4,112.4,218.9,13.54,0
1955.3,1459.0,159.2,337.1,12.66,0
2449.7,1869.1,288.2,292.4,14.4,1
2513.5,1922.4,341.7,249.3,13.59,1
1911.9,1553.5,382.1,50.0,6.94,1
1903.7,1397.5,102.6,403.6,6.28,1
1387.6,879.0,69.4,439.2,13.49,0
2388.4,1384.9,244.9,758.5,13.94,0
1656.0,1212.0,173.8,270.3,14.61,0
897.4,511.4,163.8,222.1,11.64,0
1929.7,1201.0,360.6,368.0,3.43,1
2080.2,1182.0,378.8,519.4,14.2,0
1409.1,1007.0,100.7,301.3,14.23,0
2345.6,1402.9,262.3,680.4,10.16,1
2327.6,1706.4,376.8,244.4,12.93,1
2695.4,2122.0,261.2,312.3,8.64,1
2549.5,2030.8,381.1,137.5,14.19,1
2561.6,1646.7,219.2,695.6,1.86,1
1653.8,1181.9,162.9,308.9,13.03,0
2926.1,2103.6,524.0,298.6,1.3,1
2282.7,1579.3,199.9,503.5,5.42,1
1964.8,1466.8,382.5,115.6,2.46,1
2490.2,1526.6,238.9,724.7,7.45,1
1773.8,1496.7,94.9,182.2,3.87,1
2184.4,1265.7,192.7,726.0,14.31,0
2789.1,2227.8,211.1,350.2,8.61,1
3193.3,2325.4,402.4,465.4,13.52,1
3286.9,2049.2,219.9,1017.7,4.53,1
2159.8,1671.0,310.8,177.9,0.88,1
2204.7,1268.5,399.6,536.7,11.75,1
2959.7,2315.4,308.9,335.3,10.68,1
1649.0,1198.8,124.1,326.1,8.41,0
3060.9,1785.2,336.7,939.0,12.32,1
2134.2,1224.7,358.3,551.2,12.68,0
1112.8,862.7,154.4,95.7,9.02,0
994.6,634.4,64.8,295.3,14.51,0
3073.4,2510.3,401.3,161.8,10.94,1
950.0,739.7,114.2,96.1,10.31,0
1557.7,1183.0,154.3,220.4,5.74,0
1702.2,1078.5,113.2,510.5,0.53,1
1267.1,966.4,249.8,50.9,3.99,0
1647.5,1374.8,125.9,146.9,11.58,0
2805.3,1620.0,221.4,963.9,10.79,1
839.6,544.0,60.3,235.4,5.3,0
3033.4,1881.9,411.1,740.4,9.57,1
3112.7,2079.2,362.8,670.7,3.33,1
1805.1,1394.8,157.8,252.5,4.32,1
1214.8,840.9,139.0,234.8,14.24,0
2422.3,1747.0,365.8,309.5,6.49,1
1123.1,723.6,103.6,295.9,4.05,0
1785.3,1057.6,334.4,393.3,7.56,0
3387.8,2134.6,325.1,928.1,6.11,1
3487.8,2817.8,278.1,391.9,11.08,1
2884.7,2107.9,557.3,219.5,14.45,1
1639.6,1087.7,281.3,270.6,9.08,0
2656.7,2090.7,269.6,296.4,9.07,1
2704.6,1539.8,476.6,688.2,5.79,1
1847.2,1156.6,236.1,454.4,8.69,0
2530.4,1566.4,258.1,705.9,5.13,1
829.0,701.0,145.8,50.0,0.52,0
1364.5,1039.5,222.2,102.8,13.06,0
2217.7,1630.8,210.0,377.0,6.73,1
1242.1,685.0,175.1,382.0,7.64,0
1247.9,755.4,131.5,361.0,1.71,0
3058.0,2265.0,153.4,639.7,12.64,1
3470.7,2304.2,674.3,492.2,2.97,1
2301.1,1903.7,304.8,92.7,6.45,1
3065.5,2389.3,428.4,247.7,12.68,1
3473.9,2376.9,486.3,610.7,7.14,1
1182.3,916.1,156.8,109.4,14.0,0
2010.3,1693.9,188.0,128.4,3.54,1
1859.9,1280.2,364.1,215.7,10.87,0
1016.1,754.7,145.6,115.8,14.68,0
2839.4,2344.2,427.7,67.5,8.47,1
1971.2,1231.2,233.0,507.0,10.54,0
2067.2,1686.8,192.6,187.8,6.2,1
1206.8,699.1,72.0,435.8,11.39,0
1288.5,959.3,132.1,197.1,13.68,0
3249.2,2550.1,248.3,450.8,10.69,1
920.6,676.0,137.5,107.1,14.07,0
1428.7,998.2,259.8,170.7,9.04,0
1588.6,1167.9,151.6,269.1,8.87,0
2123.5,1264.6,212.2,646.8,4.92,1
2383.4,1465.0,358.8,559.6,10.79,1
2131.9,1345.2,154.3,632.4,13.29,0
1027.1,749.1,194.6,83.5,9.87,0
1457.9,995.1,152.5,310.3,3.88,0
3077.7,1918.5,200.6,958.6,8.39,1
2521.5,2054.6,192.1,274.7,11.46,1
2552.7,1690.3,484.8,377.6,14.12,1
2609.5,1784.4,227.2,597.9,2.77,1
2859.8,1924.4,427.1,508.3,2.35,1
956.9,578.5,70.3,308.1,6.49,0
1789.8,1377.3,141.6,271.0,2.32,1
2256.7,1544.8,410.5,301.4,14.72,0
1713.8,951.0,123.7,639.1,6.65,0
3080.1,2584.8,162.7,332.6,8.24,1
2102.9,1671.3,263.3,168.4,3.79,1
2875.3,2205.5,515.9,153.9,7.01,1
3100.4,2513.6,306.6,280.2,14.78,1
2162.9,1778.0,149.7,235.2,7.59,1
3255.8,2120.3,642.5,493.0,0.63,1
2385.2,1749.1,361.4,274.8,4.02,1
3095.7,2268.1,549.8,277.9,14.69,1
1719.6,1083.7,280.0,355.9,14.84,0
2146.8,1323.7,332.2,490.9,3.55,1
2234.8,1305.5,240.7,688.6,9.42,0
1083.4,810.2,106.9,166.4,1.62,0
1876.1,1471.4,295.6,109.2,8.87,0
3276.8,2550.3,516.1,210.4,2.33,1
2503.2,1614.3,482.1,406.9,12.37,1
1279.3,782.4,173.1,323.8,14.12,0
1714.9,1176.6,161.5,376.8,3.01,0
1317.3,940.6,162.6,214.1,7.21,0
867.0,715.9,123.2,50.0,1.98,0
3304.1,2684.4,376.7,243.0,5.42,1
2010.2,1658.0,339.1,50.0,1.44,1
1630.3,1312.6,224.5,93.3,4.34,1
2415.9,2027.8,124.2,263.8,14.86,0
819.7,565.3,111.1,143.4,1.15,0
1550.7,874.9,224.9,450.8,12.96,0
2698.2,1551.6,505.3,641.2,1.62,1
2511.2,1675.2,281.4,554.6,8.17,1
3450.9,2164.8,469.9,816.2,7.06,1
2475.0,1487.4,300.1,687.5,14.01,1
2089.3,1746.5,271.1,71.6,3.39,1
2855.9,1738.2,171.6,946.1,3.11,1
3239.0,2713.7,597.9,50.0,11.36,1
2745.9,2137.0,512.3,96.6,11.02,1
3400.7,2524.3,449.6,426.8,10.64,1
2911.4,2191.7,388.6,331.1,0.88,1
3140.4,2039.5,184.1,916.7,4.27,1
1108.1,824.3,154.8,129.0,12.68,0
2777.5,1683.2,317.7,776.6,9.21,1
1988.2,1652.8,310.9,50.0,9.23,1
2293.4,1469.0,130.9,693.5,4.79,1
2566.1,1607.8,401.9,556.4,4.27,1
3418.5,2609.5,318.0,491.0,14.23,1
3458.4,2583.2,511.0,364.2,11.05,1
1578.2,1081.7,227.4,269.2,2.34,1
2781.1,2057.3,233.7,490.1,14.1,1
2825.0,1688.9,327.9,808.2,8.94,1
1735.5,1305.1,304.3,126.1,5.33,0
1134.4,716.0,159.8,258.6,6.26,0
910.6,575.3,54.9,280.3,11.02,0
2898.8,1735.4,337.5,825.9,5.96,1
2122.2,1378.8,205.4,538.0,8.89,1
3461.0,2247.5,506.2,707.3,10.8,1
2055.4,1410.5,292.3,352.6,3.33,1
3440.4,2088.7,177.4,1174.2,14.19,1
1911.3,1161.9,269.8,479.6,5.66,1
2942.9,2096.9,471.5,374.5,6.58,1
1029.0,605.7,170.1,253.2,10.63,0
2299.7,1740.1,135.3,424.3,9.33,1
2965.6,2470.9,283.4,211.3,6.88,1
3296.7,2235.3,373.2,688.3,9.92,1
3021.0,2478.2,232.5,310.3,13.59,1
899.8,521.4,101.8,276.6,12.1,0
1806.3,1016.7,109.6,680.0,12.45,0
931.5,713.9,62.4,155.2,4.25,0
1095.1,852.3,164.6,78.2,6.58,0
2623.3,2106.3,234.5,282.5,8.53,1
2725.8,1545.7,427.2,753.0,1.14,1
2889.0,2262.3,165.3,461.4,11.66,1
3136.7,2079.5,421.6,635.6,5.19,1
2796.5,1792.5,304.0,699.9,4.6,1
2962.4,1783.1,502.3,677.0,4.26,1
932.2,791.3,156.2,50.0,4.61,0
1433.2,815.7,152.4,465.2,5.4,0
2479.1,1978.6,355.5,145.0,9.27,1
3116.9,2312.3,262.2,542.4,8.96,1
812.2,625.8,111.3,75.1,4.21,0
2189.5,1671.7,136.2,381.6,3.49,1
2628.7,2122.7,302.8,203.1,12.48,1
879.9,532.5,68.1,279.3,1.84,0
1883.7,1036.5,343.8,503.4,7.94,1
3218.2,2347.9,375.7,494.7,8.05,1
2613.4,1714.8,362.3,536.3,8.82,1
1441.7,846.5,150.0,445.2,13.34,0
3102.5,1879.6,289.5,933.4,9.55,1
1739.7,1130.0,139.9,469.8,14.62,0
3104.0,1772.6,579.8,751.6,13.13,1
1607.1,911.4,273.1,422.7,3.61,0
2393.9,1974.5,167.5,251.8,4.0,1
1871.7,1204.7,303.2,363.8,5.5,1
1542.0,1302.5,173.9,65.6,6.18,1
3193.7,2680.5,167.1,346.1,8.52,1
1306.5,774.5,168.9,363.2,3.87,0
1029.0,786.6,71.5,170.8,3.72,0
1723.2,1258.4,140.4,324.4,6.03,0
2737.6,2072.9,422.7,242.0,10.24,1
2980.1,1725.0,263.9,991.1,10.48,1
3496.6,2120.9,642.6,733.1,14.65,1
1600.2,916.9,237.7,445.5,3.44,0
1901.4,1390.4,332.5,178.6,6.2,1
1169.4,989.3,166.4,50.0,14.49,0
2352.2,1767.9,424.2,160.1,10.51,1
3493.5,2666.3,364.2,463.0,9.09,1
2692.4,2276.1,356.4,59.9,8.32,1
2407.1,1813.5,306.6,287.0,1.59,1
1859.4,1045.1,345.0,469.3,13.45,0
3271.3,2650.1,244.5,376.7,9.57,1
2141.7,1412.2,292.8,436.7,8.79,1
1162.8,641.1,189.7,332.0,8.32,0
1786.5,1254.4,188.5,343.6,6.18,1
981.4,815.6,176.8,50.0,4.19,0
1345.3,843.8,142.5,359.0,11.45,0
847.7,591.2,64.4,192.0,7.89,0
2023.9,1218.6,278.5,526.7,0.99,1
2513.3,1425.8,284.2,803.3,6.29,1
1726.9,991.5,90.3,645.1,13.96,0
1935.0,1486.3,117.0,331.7,5.92,1
3389.9,2743.2,268.8,377.9,6.49,1
2830.3,1678.3,468.1,683.8,9.55,1
2260.3,1438.7,415.5,406.2,12.12,1
1568.3,954.3,206.8,407.2,10.19,0
3221.9,1798.0,212.1,1200.0,12.83,1
1434.8,1027.3,186.8,220.7,2.15,0
1678.4,1275.6,299.3,103.5,13.91,0
3254.5,2422.5,528.6,303.4,13.61,1
2229.8,1486.0,208.9,535.0,8.03,1
2804.3,2009.3,192.3,602.7,9.56,1
2395.0,1384.9,443.3,566.8,3.59,1
2564.3,1529.1,456.7,578.5,7.0,1
1608.3,1334.2,93.4,180.8,3.44,1
1451.7,1130.1,251.9,69.7,0.82,1
1670.7,1381.4,107.9,181.4,14.72,0
1219.7,1006.3,72.6,140.9,4.26,0
3160.6,2354.1,517.7,288.9,9.1,1
1564.8,1296.4,204.1,64.3,4.85,1
2316.0,1563.3,259.8,492.9,5.87,1
2938.3,1619.3,545.3,773.8,6.27,1
2916.3,1658.7,513.0,744.6,5.36,1
1983.6,1156.2,116.3,711.2,9.74,0
2085.9,1206.9,297.1,581.9,14.43,0
3485.7,2284.9,578.1,622.7,6.72,1
2621.4,1993.3,347.5,280.6,14.61,1
2999.5,2361.2,592.3,50.0,10.18,1
3236.9,2353.4,494.9,388.5,9.3,1
2926.5,1738.1,192.0,996.3,3.94,1
1300.0,1006.7,103.7,189.6,1.41,0
2317.9,1521.5,403.2,393.2,12.85,1
1075.1,595.5,214.5,265.1,8.82,0
2562.9,1625.3,165.9,771.6,6.51,1
3379.4,2193.9,219.8,965.7,12.27,1
2184.4,1381.1,359.3,443.9,5.0,1
1969.0,1562.5,117.5,289.0,11.86,0
896.8,697.7,54.1,145.0,5.26,0
3391.4,2572.9,621.7,196.7,13.85,1
1078.1,637.9,183.4,256.8,4.39,0
910.9,721.8,166.0,50.0,2.49,0
1464.4,1102.9,216.1,145.4,10.62,0
976.9,594.4,96.1,286.4,2.86,0
2028.8,1510.3,377.3,141.3,14.27,0
2193.4,1524.6,208.0,460.9,10.01,1
1643.9,1120.8,150.1,373.0,3.85,0
937.6,547.2,171.5,218.8,3.53,0
1101.3,777.0,167.5,156.8,13.9,0
1838.2,1066.1,338.9,433.2,9.31,0
963.4,577.4,70.7,315.4,13.46,0
2685.1,1583.6,517.8,583.7,2.1,1
1359.0,1136.4,192.9,50.0,13.92,0
1615.6,1026.6,242.7,346.3,8.04,0
1864.1,1223.9,348.8,291.4,10.19,1
1924.8,1244.7,206.2,474.0,5.91,1
804.5,659.3,127.1,50.0,1.36,0
1102.6,792.6,161.0,148.9,14.39,0
3129.5,2584.1,526.3,50.0,14.92,1
803.3,514.1,148.2,141.0,5.79,0
2172.1,1269.5,330.2,572.4,14.19,0
2121.7,1520.9,127.6,473.1,2.93,1
1699.4,1110.8,131.7,456.9,2.74,0
1964.6,1553.1,379.4,50.0,1.56,1
2907.6,2366.3,567.8,50.0,6.17,1
3071.3,2124.6,599.2,347.4,1.26,1
1502.9,1264.6,83.4,154.9,6.22,0
1670.7,1196.1,179.4,295.3,2.51,1
1454.7,918.3,238.5,297.9,11.09,0
2095.6,1460.0,341.4,294.2,12.58,0
2644.8,1484.2,166.3,994.2,10.47,1
1416.3,1120.6,200.3,95.4,3.41,0
1693.0,982.7,120.9,589.4,11.62,0
3312.0,2128.4,410.6,773.0,4.12,1
931.1,670.0,80.0,181.1,11.51,0
2044.1,1150.6,118.5,775.0,8.73,0
2721.2,1561.4,168.7,991.1,5.82,1
1206.2,915.3,225.1,65.8,1.71,1
927.9,530.3,150.0,247.5,12.5,0
1173.2,813.1,222.6,137.4,14.12,0
3280.8,2137.8,395.3,747.7,10.16,1
825.0,510.2,92.4,222.4,14.49,0
1308.5,793.8,135.8,378.9,14.04,0
884.5,689.0,126.0,69.5,3.32,0
1098.7,917.9,112.9,67.9,11.1,0
2474.4,1465.0,400.7,608.7,5.56,1
1452.4,1217.0,247.2,50.0,7.57,0
2336.9,1702.2,423.9,210.8,2.78,1
2393.5,1777.2,206.8,409.5,14.63,0
3093.5,2360.3,399.2,334.0,11.03,1
812.8,618.7,67.9,126.2,4.37,0
3104.1,2470.7,172.7,460.7,5.89,1
2471.6,1717.9,386.0,367.7,6.63,1
1239.4,880.0,164.0,195.4,11.34,0
2886.9,1868.3,457.8,560.8,13.92,1
3109.8,1808.6,196.4,1104.9,5.16,1
1486.5,1114.0,296.3,76.2,7.35,0
3280.7,1837.5,653.4,789.9,9.1,1
2027.0,1282.5,242.7,501.8,6.2,1
2429.2,1404.8,437.0,587.4,7.81,1
3458.6,2100.1,299.3,1059.2,2.03,1
1776.1,1317.2,285.3,173.6,2.93,1
2995.5,2212.3,544.8,238.4,6.32,1
1659.7,1122.5,285.8,251.4,13.77,0
2957.9,1706.8,508.1,743.0,5.57,1
2422.0,1647.0,289.3,485.7,4.12,1
1384.2,907.8,239.5,236.9,11.27,0
1917.9,1469.4,294.6,153.9,14.26,0
1657.6,1199.6,115.8,342.2,7.16,0
1010.9,705.1,67.9,238.0,0.62,0
880.6,612.9,146.0,121.6,10.48,0
1735.5,1457.6,249.6,50.0,6.52,0
851.4,661.4,108.9,81.1,10.27,0
1246.8,871.6,232.0,143.2,4.53,0
2758.0,1913.4,410.8,433.8,0.53,1
2711.8,1513.1,296.7,902.1,5.5,1
2794.2,2326.9,313.2,154.1,10.72,1
1656.3,1069.6,233.2,353.6,6.2,0
3203.1,2007.6,525.4,670.0,3.68,1
2403.3,2042.4,323.6,50.0,7.23,1
1140.3,873.0,144.0,123.2,11.41,0
1188.0,670.3,188.9,328.8,2.23,0
2671.4,1518.8,416.2,736.3,10.53,1
1266.9,706.5,221.1,339.3,10.18,0
2169.7,1583.6,128.8,457.2,5.88,1
3477.8,1987.5,567.7,922.6,14.57,1
810.8,673.0,103.0,50.0,13.47,0
844.8,702.1,51.7,91.0,5.08,0
3481.3,2485.0,528.6,467.7,0.95,1
2378.5,1748.2,374.6,255.8,4.97,1
1142.7,728.5,146.9,267.3,3.47,0
3222.7,1834.3,544.9,843.5,8.44,1
3177.0,2450.2,301.9,424.8,13.82,1
2247.7,1304.9,180.5,762.4,13.12,0
2478.8,1427.0,254.4,797.5,4.93,1
1537.6,989.2,171.5,376.9,6.71,0
936.4,518.5,144.6,273.3,1.03,0
2405.3,1636.1,425.3,343.9,8.39,1
1595.8,1216.5,252.4,127.0,1.42,1
2591.8,2048.6,197.2,346.0,14.11,1
3057.9,2236.2,320.9,500.8,13.07,1
849.0,682.7,62.6,103.7,3.61,0
2408.4,1618.3,368.5,421.6,10.64,1
1424.5,1146.2,124.2,154.0,8.74,0
3159.5,2217.8,407.0,534.7,12.12,1
1484.9,916.0,250.6,318.2,7.4,0
2449.1,2040.7,368.9,50.0,3.28,1
2294.6,1451.3,217.4,625.8,9.78,1
1869.6,1043.0,186.8,639.8,1.66,1
2629.6,1637.7,389.2,602.7,8.98,1
2759.6,1821.3,365.4,572.8,3.58,1
2330.7,1527.6,150.2,652.9,10.43,1
2847.7,2014.5,515.7,317.5,12.51,1
3455.2,2815.8,438.4,201.0,2.09,1
1932.0,1232.1,233.8,466.2,6.3,1
2189.4,1546.2,174.6,468.5,11.14,1
833.7,543.6,88.8,201.3,2.87,0
2949.3,2349.2,294.7,305.4,8.71,1
2204.6,1316.8,199.8,688.1,10.24,0
1901.5,1104.9,256.9,539.7,5.64,1
1054.0,738.7,125.8,189.5,12.56,0
3202.1,2406.6,587.2,208.3,7.9,1
1866.5,1472.0,356.9,50.0,9.59,1
2643.0,1921.1,219.2,502.7,2.54,1
1203.3,941.2,78.2,183.9,0.84,0
3396.2,2268.0,569.9,558.3,1.24,1
1281.8,717.6,255.4,308.8,13.61,0
1338.8,782.9,240.4,315.5,13.3,0
3119.3,1751.8,167.1,1200.0,12.21,1
3264.0,2117.3,286.2,860.5,3.39,1
1372.8,959.1,77.6,336.1,8.12,0
2068.5,1358.8,358.1,351.6,12.04,0
2780.4,1996.9,381.5,402.1,10.28,1
3171.6,2201.7,403.0,567.0,2.18,1
1823.4,1373.8,242.8,206.9,13.49,0
2196.0,1647.2,193.0,355.8,2.83,1
2802.6,1808.9,393.1,600.7,2.99,1
2774.1,1813.9,151.5,808.7,13.56,1
2914.0,2114.2,428.1,371.7,7.53,1
2338.8,1704.8,374.6,259.4,5.91,1
1082.5,697.5,163.4,221.5,8.53,0
3240.7,2103.5,323.5,813.7,14.73,1
3137.0,2378.6,545.7,212.8,2.23,1
2954.9,2199.1,464.9,290.9,11.48,1
1069.6,631.6,74.1,363.9,5.35,0
1351.9,922.4,107.2,322.3,2.2,0
2807.7,2296.2,408.7,102.8,6.62,1
862.5,483.8,80.6,298.2,8.46,0
3443.9,2777.7,233.9,432.3,3.49,1
1818.3,1089.1,133.2,596.0,6.38,0
2742.1,1925.5,205.2,611.5,9.72,1
3196.4,2165.0,388.9,642.6,8.86,1
1865.5,1031.7,263.2,570.6,10.99,0
1661.7,1370.2,127.1,164.4,12.63,0
2443.6,1677.5,383.3,382.8,6.43,1
2368.7,1980.9,218.3,169.5,6.63,1
1904.7,1211.4,184.2,509.0,7.7,0
2424.8,1963.8,202.5,258.5,8.71,1
3325.5,2749.3,558.0,50.0,2.07,1
2062.6,1479.0,400.1,183.5,5.03,1
1331.2,813.1,164.9,353.2,2.99,0
1818.5,1374.0,102.4,342.1,6.09,1
1864.1,1332.3,166.1,365.8,14.61,0
1154.0,961.7,85.1,107.2,8.95,0
1239.8,845.2,218.7,175.8,6.73,0
2648.3,1669.9,166.1,812.3,8.71,1
1716.6,1015.3,334.7,366.6,10.2,0
3378.2,2566.1,467.1,345.0,6.81,1
1457.7,1227.7,186.1,50.0,6.99,0
1067.1,596.0,189.0,282.1,10.67,0
2834.5,2188.6,153.4,492.4,1.38,1
3178.8,2632.3,529.5,50.0,8.33,1
1550.9,887.8,104.7,558.4,8.44,0
1345.6,784.6,237.0,324.1,11.47,0
1301.6,986.1,168.4,147.1,14.75,0
2209.4,1644.7,130.7,434.0,12.04,1
2064.7,1178.2,361.3,525.2,7.8,1
1500.5,1200.9,81.2,218.4,2.96,0
922.0,651.9,65.2,204.9,9.03,0
2100.0,1726.6,356.3,50.0,12.6,0
3390.2,2757.6,405.9,226.7,14.02,1
2561.8,2033.4,466.8,61.6,12.47,1
2137.9,1506.7,310.7,320.5,3.24,1
1098.9,687.4,157.7,253.8,10.83,0
1481.6,1039.8,139.0,302.8,13.26,0
1595.9,926.0,111.8,558.1,10.37,0
2865.0,2142.0,556.3,166.7,10.44,1
3167.1,1869.2,208.1,1089.8,7.75,1
3234.4,2274.9,418.4,541.1,9.74,1
3458.3,1958.5,314.3,1185.5,4.77,1
3452.4,2209.0,309.4,934.0,1.79,1
3373.1,2090.1,469.5,813.6,12.5,1
993.9,731.5,168.7,93.7,14.18,0
1172.0,921.3,195.2,55.5,12.92,0
1622.1,920.0,292.5,409.6,5.34,0
2292.8,1845.9,215.4,231.5,1.86,1
1061.8,858.2,127.3,76.4,4.56,0
3083.7,2012.6,158.5,912.5,12.72,1
2465.2,1843.3,399.4,222.5,10.01,1
2264.4,1518.9,215.9,529.6,14.52,0
1246.3,743.1,167.3,335.9,5.47,0
1483.8,1051.4,111.9,320.5,8.5,0
1232.8,710.0,213.2,309.7,11.96,0
3100.2,2522.2,535.1,50.0,3.89,1
2377.4,1966.8,431.8,50.0,14.48,1
2784.8,2218.1,158.4,408.3,9.09,1
1599.3,1149.5,318.0,131.7,0.61,1
1802.4,1292.8,157.1,352.5,0.86,1
1893.1,1600.4,182.5,110.2,13.29,0
2852.0,1780.7,249.3,822.0,9.86,1
2885.4,1652.7,260.1,972.6,11.56,1
1358.4,976.1,180.5,201.7,11.87,0
3342.2,2167.8,287.3,887.0,6.6,1
1125.8,728.0,122.8,274.9,12.08,0
3219.5,1777.6,477.6,964.4,14.09,1
1071.1,780.7,187.9,102.5,3.0,0
1514.3,952.8,233.1,328.4,11.58,0
3085.5,1870.9,429.3,785.2,4.96,1
1284.6,722.1,92.7,469.8,5.16,0
1916.6,1263.7,330.5,322.5,6.48,1
2014.6,1639.3,112.0,263.3,13.02,0
1462.2,951.9,131.1,379.3,0.82,1
2717.7,2048.4,159.1,510.2,6.79,1
3098.6,2407.5,465.1,226.0,10.36,1
3161.4,2049.9,332.8,778.7,2.1,1
1716.2,1366.9,253.7,95.6,11.99,0
2233.3,1691.9,227.9,313.5,14.16,0
1470.7,1055.6,174.1,241.0,1.82,1
1461.0,804.0,173.4,483.6,2.72,0
1235.4,692.5,70.2,472.7,14.62,0
3338.1,2828.2,382.3,127.5,3.37,1
3197.6,2509.1,467.4,221.1,1.64,1
2898.9,2409.7,382.4,106.7,14.31,1
2197.7,1803.6,134.7,259.4,13.44,0
2124.6,1181.6,319.1,623.9,10.01,0
2230.3,1756.5,214.8,259.0,8.5,1
2248.7,1541.2,117.3,590.3,13.83,0
1973.3,1552.7,144.7,275.9,10.01,0
1155.7,638.0,144.0,373.7,10.05,0
1139.3,725.1,110.0,304.2,12.73,0
3371.1,2613.9,519.7,237.5,9.97,1
2101.5,1655.8,180.9,264.8,7.8,1
3373.7,2482.7,559.8,331.2,6.15,1
1241.7,795.1,115.4,331.1,7.8,0
2296.9,1477.2,328.8,491.0,8.08,1
1360.8,1143.1,231.2,50.0,5.73,0
1483.6,1011.5,160.0,312.2,7.0,0
881.1,602.8,50.2,228.1,12.13,0
1121.2,802.4,146.1,172.6,6.54,0
3275.5,2203.9,652.8,418.7,0.87,1
1668.1,1194.1,325.9,148.2,4.6,1
2441.9,1659.8,203.1,579.1,3.86,1
2055.5,1640.3,335.8,79.4,12.01,1
1881.2,1547.7,191.4,142.1,7.01,0
2236.1,1855.1,165.6,215.4,4.56,1
1305.5,939.1,195.7,170.8,12.26,0
3469.2,2368.3,434.1,666.9,0.78,1
3009.4,2291.9,393.9,323.6,3.03,1
2802.4,2246.1,487.9,68.4,12.49,1
2065.7,1485.0,207.6,373.1,8.48,1
1212.8,921.7,182.0,109.1,11.72,0
3285.8,2546.2,344.8,394.8,12.65,1
1721.7,1296.3,97.1,328.3,14.16,0
935.3,723.8,99.8,111.7,1.42,0
1724.5,1056.4,332.0,336.1,12.09,0
2945.0,2060.1,360.7,524.2,10.78,1
2481.3,1802.6,164.3,514.3,3.5,1
2827.3,1557.1,433.1,837.1,14.01,1
2942.8,2374.2,572.4,50.0,6.36,1
1372.3,1005.9,255.5,110.9,13.37,0
3294.2,1939.4,447.3,907.4,9.27,1
1982.6,1576.0,211.0,195.6,8.14,1
2525.3,1932.2,346.2,246.9,2.81,1
806.2,626.8,139.0,50.0,13.76,0
3482.1,2324.7,623.9,533.5,8.57,1
1558.4,1256.5,269.3,50.0,0.59,1
967.6,652.3,114.5,200.7,0.77,0
2037.3,1469.2,138.2,429.9,11.78,0
1148.4,631.8,155.5,361.1,2.85,0
1211.3,900.5,89.0,221.8,9.18,0
2507.2,1919.1,148.3,439.8,10.38,1
1860.9,1340.1,232.2,288.6,4.55,1
3289.0,2298.9,487.8,502.3,8.76,1
1661.7,1317.7,296.0,50.0,3.98,1
2760.7,2082.7,462.2,215.8,14.22,1
2045.0,1295.3,365.2,384.4,12.97,0
2581.9,2162.9,423.5,50.0,4.68,1
2419.2,1843.8,376.1,199.2,8.17,1
2076.5,1757.5,107.0,212.0,7.76,1
3365.2,2831.4,484.3,50.0,14.42,1
1725.3,1424.6,117.4,183.3,6.21,0
1278.5,992.9,75.2,210.4,8.65,0
2630.9,1928.0,193.3,509.6,13.97,0
3084.2,1855.6,535.1,693.5,2.86,1
908.7,647.9,146.8,114.0,8.48,0
2014.0,1570.1,387.3,56.5,2.03,1
3209.7,2266.9,631.8,311.0,9.45,1
2824.0,2288.7,519.6,50.0,5.8,1
3477.9,2027.2,243.2,1200.0,14.53,1
2234.8,1484.5,406.2,344.1,6.52,1
2582.0,1812.0,453.9,316.1,2.47,1
1616.7,1098.9,292.1,225.8,12.59,0
3358.3,1956.5,244.3,1157.5,12.4,1
1789.1,1066.4,120.8,601.9,10.58,0
2794.0,2238.8,526.9,50.0,11.36,1
1888.5,1313.1,143.7,431.7,4.34,0
2316.9,1308.2,244.0,764.8,9.81,1
2743.4,1522.4,324.8,896.1,1.05,1
2174.1,1504.6,149.3,520.2,3.35,1
3249.1,1947.2,172.5,1129.4,14.02,1
1932.1,1471.4,384.7,76.0,11.22,0
2547.1,2008.6,462.3,76.2,3.84,1
1724.4,1066.5,322.2,335.7,2.12,1
1902.0,1384.0,176.3,341.7,14.26,0
1988.1,1185.6,165.0,637.5,2.13,1
1139.7,730.6,129.8,279.3,4.23,0
1047.7,855.6,123.6,68.5,3.15,0
2602.2,1856.0,132.3,613.9,0.61,1
2569.9,2096.4,428.9,50.0,5.05,1
2589.9,1599.4,516.7,473.8,14.63,1
853.4,553.8,110.3,189.2,5.46,0
1681.7,1162.5,182.0,337.1,7.81,1
1334.1,925.9,145.3,262.9,11.32,0
2901.0,2463.8,186.9,250.3,8.49,1
3123.7,1825.3,280.9,1017.5,11.28,1
1466.0,1181.0,183.7,101.3,10.09,0
2603.2,2106.3,298.8,198.2,9.32,1
1149.3,822.8,151.4,175.0,9.92,0
1542.9,1007.8,273.7,261.4,12.09,0
1174.4,828.8,98.4,247.1,10.8,0
1565.5,998.4,84.8,482.3,11.98,0
2621.8,2070.5,146.1,405.2,2.61,1
3257.9,2278.8,228.5,750.6,10.33,1
1346.8,1114.8,182.6,50.0,11.19,0
2263.6,1667.8,387.6,208.2,4.85,1
2693.8,1897.2,493.0,303.5,13.18,1
3372.9,2574.6,490.0,308.3,4.92,1
2447.2,1715.9,270.3,460.9,4.04,1
1488.8,1222.8,108.9,157.0,13.07,0
2488.8,1506.5,274.3,707.9,4.08,1
1665.3,1402.2,166.3,96.8,6.52,0
3435.5,2726.6,620.1,88.8,5.83,1
1879.1,1518.7,231.1,129.2,13.52,0
2650.7,1841.9,222.5,586.3,7.1,1
862.7,691.2,80.5,91.0,10.57,0
1880.2,1207.1,132.5,540.5,12.01,0
3162.8,2462.5,593.9,106.4,9.6,1
2447.6,1449.3,140.9,857.4,14.18,0
1998.6,1283.4,103.8,611.5,12.14,0
3327.0,2274.8,257.7,794.6,6.3,1
3105.8,2008.5,533.0,564.2,14.29,1
1670.0,1112.4,214.6,343.0,8.11,0
2270.3,1807.2,326.6,136.4,0.83,1
2122.5,1330.8,220.0,571.7,4.27,1
2506.9,1939.3,151.2,416.4,9.52,1
1702.1,973.8,303.7,424.6,2.77,1
1459.4,1137.9,115.0,206.5,8.97,0
3264.2,2570.9,179.4,513.9,5.74,1
3294.5,2209.0,447.7,637.8,8.25,1
3077.0,2359.2,192.3,525.4,0.53,1
3441.2,2837.4,221.5,382.3,12.8,1
2811.5,2221.7,478.1,111.7,5.75,1
2864.6,1911.1,354.5,599.1,2.53,1
2859.0,1987.8,246.5,624.7,6.85,1
2097.6,1644.1,214.6,238.9,7.55,1
2032.4,1296.2,323.9,412.2,9.74,0
1448.6,1146.1,86.8,215.7,8.11,0
2541.0,1647.6,171.4,721.9,1.13,1
1581.2,1252.0,225.2,104.0,13.14,0
1496.1,861.8,211.0,423.3,7.12,0
2382.1,1341.9,466.6,573.6,1.62,1
1907.0,1619.6,202.5,84.9,11.71,1
1390.9,1127.8,83.1,180.0,10.07,0
3003.4,2447.3,392.3,163.7,9.92,1
3123.5,2609.4,455.3,58.9,6.69,1
1252.8,853.8,88.9,310.1,6.45,0
820.3,521.7,109.0,189.5,8.28,0
1707.6,1005.8,136.0,565.8,1.23,1
2953.3,2068.4,521.9,363.0,4.83,1
3065.8,1888.6,537.4,639.9,14.82,1
1173.5,974.8,134.3,64.4,10.1,0
2890.7,1593.4,563.7,733.6,6.57,1
1112.4,659.6,219.1,233.7,3.72,0
1853.2,1156.3,128.6,568.3,11.31,0
3496.2,2131.6,367.7,997.0,4.27,1
1320.0,815.4,184.9,319.7,2.85,0
1215.7,907.9,76.3,231.5,2.74,0
1941.6,1258.6,208.5,474.4,11.07,0
2473.1,1816.5,220.5,436.1,9.82,1
3318.8,2711.7,639.9,50.0,1.51,1
3448.2,2519.8,385.3,543.1,2.17,1
988.0,749.3,162.4,76.3,9.69,0
1172.6,773.5,126.6,272.4,8.78,0
2935.0,1754.9,204.8,975.3,10.45,1
1530.7,989.1,274.7,266.9,3.08,0
3189.1,2676.6,159.7,352.9,11.04,1
2591.3,1908.6,151.3,531.4,14.07,1
1102.0,697.8,115.3,288.8,9.22,0
3047.8,2088.6,466.4,492.8,3.34,1
1276.2,1021.8,129.2,125.2,10.35,0
1943.4,1458.6,116.5,368.3,5.47,1
2290.9,1645.3,223.8,421.8,1.21,1
2152.1,1755.1,186.7,210.3,4.88,1
2652.6,1994.1,134.8,523.8,13.63,1
2562.3,1903.3,333.7,325.3,6.46,1
3478.5,2111.2,234.8,1132.5,13.04,1
3498.4,2035.8,325.8,1136.8,7.88,1
2194.4,1842.3,320.8,50.0,8.0,1
1057.0,771.3,167.8,117.9,0.58,0
2765.2,1865.7,247.5,652.0,9.74,1
3437.0,2497.7,341.6,597.7,2.06,1
1659.5,943.5,144.4,571.6,7.44,0
2045.3,1629.3,395.8,50.0,4.27,1
1946.9,1197.3,153.0,596.6,6.19,1
938.8,743.0,72.7,123.1,8.29,0
2615.1,1857.6,305.3,452.2,0.71,1
1754.0,1110.2,137.5,506.3,4.63,0
2926.2,1635.9,215.1,1075.2,14.85,1
3046.7,2421.4,196.2,429.2,1.33,1
3017.3,1819.3,440.6,757.5,5.13,1
1925.0,1088.7,273.0,563.3,5.16,1
1668.2,1295.8,246.1,126.3,6.0,1
2821.8,1848.3,468.4,505.1,10.43,1
2963.8,1976.2,293.3,694.2,4.09,1
2126.4,1327.1,399.3,400.0,7.17,1
3211.2,2593.8,513.7,103.6,9.85,1
1188.6,759.7,202.9,225.9,5.17,0
3173.5,1945.5,501.9,726.1,14.26,1
1059.5,681.0,109.9,268.5,14.71,0
1214.5,742.0,112.3,360.2,2.24,0
2241.4,1446.3,254.1,540.9,5.49,1
982.3,564.7,63.4,354.2,3.52,0
942.6,563.2,110.9,268.4,3.21,0
801.4,541.0,45.3,215.1,7.62,0
1978.1,1609.8,100.1,268.2,8.68,0
2891.5,1640.0,548.6,702.9,6.67,1
894.1,548.8,137.1,208.1,4.45,0
2561.1,2106.5,343.9,110.7,4.54,1
3022.4,2469.3,305.8,247.3,14.89,1
1253.6,945.0,170.0,138.6,13.89,0
1196.5,744.4,219.8,232.3,1.6,0
3124.2,2111.8,461.9,550.5,10.02,1
3022.4,1853.9,424.3,744.3,7.12,1
2255.1,1327.3,268.4,659.4,10.49,0
3011.8,1999.9,306.8,705.2,9.16,1
1050.4,759.2,162.6,128.6,13.39,0
1865.1,1227.2,367.7,270.2,1.47,1
2792.1,2047.3,317.5,427.3,5.57,1
1495.1,955.2,162.7,377.2,14.79,0
2831.3,1851.0,323.4,656.9,3.14,1
2161.3,1701.4,246.0,213.9,2.35,1
2825.7,2298.7,561.2,50.0,11.07,1
2054.6,1328.5,320.6,405.5,11.77,0
1793.3,1293.8,186.3,313.2,10.25,0
1391.8,881.6,147.1,363.0,11.75,0
1362.6,771.2,156.2,435.2,10.56,0
2829.0,2182.2,157.0,489.8,2.47,1
1121.1,674.1,144.8,302.2,9.32,0
1032.2,699.5,177.2,155.4,11.76,0
1276.0,888.2,190.2,197.5,13.05,0
1273.4,770.9,101.6,401.0,4.07,0
3022.4,1748.0,481.2,793.2,2.35,1
1876.0,1227.6,296.3,352.1,11.83,0
3474.0,2903.2,310.5,260.3,4.22,1
1170.5,859.8,167.9,142.8,0.96,0
2564.6,1704.0,363.2,497.4,12.47,1
2011.6,1129.8,354.0,527.8,7.84,1
1860.9,1358.6,131.0,371.3,5.24,0
3162.7,1827.0,250.6,1085.1,0.67,1
3434.1,2447.7,422.0,564.4,1.01,1
3156.7,2448.3,178.7,529.7,11.99,1
1319.2,893.2,148.2,277.8,7.6,0
1396.2,893.3,234.9,268.0,2.67,0
2571.4,1450.8,185.9,934.6,5.7,1
1580.5,881.0,188.1,511.4,2.9,0
2783.8,1890.2,552.5,341.1,2.14,1
2329.3,1898.4,293.2,137.7,4.51,1
2287.5,1425.6,285.4,576.5,8.47,1
3037.1,2193.4,406.4,437.2,3.55,1
2718.4,2053.2,211.8,453.5,5.48,1
871.8,495.4,62.8,313.6,7.43,0
933.5,556.3,141.5,235.7,6.59,0
2424.2,1574.2,265.1,584.8,2.37,1
2112.7,1586.7,197.5,328.5,1.06,1
1502.5,1024.3,82.2,396.0,1.01,0
1930.4,1486.9,341.5,102.0,5.58,1
2846.4,2306.3,156.1,383.9,10.92,1
3031.9,2357.3,492.7,181.9,2.4,1
2315.3,1962.6,248.4,104.3,11.91,1
1840.5,1428.8,257.3,154.4,10.88,0
1530.9,1233.4,133.4,164.1,0.56,1
2209.2,1766.7,162.0,280.5,0.89,1
1649.8,1268.8,214.5,166.5,3.33,1
2323.1,1836.5,358.5,128.0,1.31,1
2627.0,2181.4,208.4,237.1,8.2,1
978.4,677.6,113.0,187.8,1.07,0
802.9,595.3,93.7,113.9,12.14,0
1373.1,967.4,113.1,292.6,7.65,0
3215.2,2589.2,433.3,192.7,11.06,1
2545.0,1729.1,183.0,632.9,11.39,1
1264.3,1006.3,159.9,98.1,7.85,0
3203.7,2530.3,214.7,458.7,13.92,1
2068.9,1734.9,254.1,79.9,14.86,0
2085.4,1302.7,201.7,581.0,5.71,1
3326.0,2537.3,391.9,396.7,2.33,1
960.6,746.5,110.5,103.6,5.77,0
1381.0,1147.4,257.1,50.0,3.74,1
2381.6,1957.8,294.1,129.7,8.2,1
1327.8,958.8,229.4,139.6,5.99,0
2634.7,1906.9,220.9,506.9,7.47,1
1378.0,827.1,141.7,409.3,11.57,0
1067.7,899.5,65.4,102.8,4.47,0
1358.9,851.3,153.7,353.8,8.29,0
1941.4,1489.9,291.8,159.7,5.36,1
1275.6,1006.1,224.2,50.0,11.88,0
1163.7,794.0,157.0,212.7,9.77,0
3122.8,1915.4,456.0,751.4,0.62,1
1665.1,1010.2,127.5,527.4,10.07,0
1774.0,1431.6,98.6,243.9,2.97,1
949.2,667.5,160.2,121.5,11.0,0
1764.9,1018.4,132.5,614.0,8.73,0
1515.0,1159.1,96.5,259.4,6.32,0
2448.3,1530.3,466.7,451.3,10.56,1
1354.6,1101.1,263.5,50.0,12.92,0
3198.6,2056.3,455.6,686.7,11.79,1
3310.1,2019.4,353.5,937.2,8.41,1
1069.5,615.5,187.2,266.9,10.98,0
1090.0,766.8,88.0,235.3,6.5,0
1111.4,761.5,127.2,222.7,11.94,0
2472.8,1917.4,256.1,299.3,12.52,1
1129.3,778.5,211.1,139.7,2.49,0
3101.4,2025.7,583.0,492.8,3.95,1
2836.5,1782.8,418.8,635.0,4.41,1
3013.5,1908.9,200.7,903.9,2.91,1
2220.4,1839.2,271.6,109.5,6.19,1
3491.0,2093.0,303.0,1095.1,3.3,1
919.3,778.1,168.0,50.0,9.14,0
1883.4,1220.6,133.3,529.5,1.97,1
1674.6,965.5,97.4,611.8,4.41,0
3361.3,2099.5,523.2,738.6,10.15,1
2357.5,1338.0,278.2,741.4,6.28,1
2976.7,2342.7,523.2,110.8,6.61,1
1259.9,886.7,77.1,296.1,12.07,0
3442.3,2241.3,585.7,615.3,14.78,1
2146.3,1606.8,119.3,420.2,8.69,0
2132.9,1576.6,115.6,440.7,1.65,1
3421.4,2846.5,407.8,167.1,1.99,1
1828.0,1532.5,152.1,143.4,14.54,0
1873.3,1412.9,260.5,200.0,10.35,0
2378.8,1892.0,128.2,358.7,11.41,1
1145.7,902.5,63.4,179.8,10.3,0
1666.9,1162.5,265.2,239.3,3.1,1
1321.7,1006.2,107.7,207.7,7.0,0
1078.9,618.7,160.2,300.0,12.07,0
3138.6,2440.0,510.0,188.6,13.06,1
2391.2,2005.1,140.8,245.2,3.94,1
1768.4,1017.7,292.6,458.1,9.14,0
1903.4,1524.3,171.8,207.3,2.78,1
1965.1,1630.8,213.1,121.2,14.4,0
2509.5,1550.5,158.1,800.9,4.16,1
3302.3,2336.2,580.5,385.6,11.04,1
3318.5,2748.9,445.0,124.6,3.85,1
1857.0,1556.3,233.4,67.3,9.43,1
1689.0,993.8,329.8,365.4,10.06,0
2017.8,1321.1,202.1,494.6,5.26,1
2333.4,1772.1,428.5,132.9,12.37,1
2046.9,1261.9,323.3,461.7,13.34,0
2578.6,1669.5,488.1,421.1,12.9,1
2296.9,1279.3,427.6,589.9,5.3,1
1665.9,993.0,330.9,342.0,11.29,0
1733.5,1245.8,120.9,366.7,8.61,0
1822.2,1359.2,308.7,154.3,9.09,0
1055.5,786.0,180.2,89.4,7.42,0
1248.4,978.1,183.1,87.2,9.2,0
2752.4,1856.7,252.8,642.9,2.47,1
1850.6,1169.6,360.4,320.5,6.43,1
1379.3,765.0,111.3,503.0,3.08,0
2319.2,1419.3,289.8,610.1,4.56,1
2840.0,1828.1,364.1,647.7,2.35,1
1495.0,902.2,111.0,481.8,3.58,0
3032.3,1686.1,480.3,866.0,11.84,1
3304.3,1973.4,209.3,1121.6,8.47,1
2413.0,1809.3,371.5,232.1,0.84,1
2606.2,1925.6,462.1,218.5,11.93,1
942.0,782.5,96.5,63.0,13.69,0
3352.9,2647.0,524.4,181.5,13.27,1
1859.7,1339.6,136.7,383.4,12.43,0
3294.5,1947.9,582.8,763.8,14.89,1
2363.2,1699.7,455.6,207.9,9.0,1
812.5,461.9,59.2,291.4,14.46,0
904.1,614.1,139.0,150.9,14.26,0
2637.1,1759.2,331.9,546.0,5.04,1
2319.2,1573.2,300.9,445.1,13.02,1
871.6,552.6,136.0,183.1,11.99,0
2807.3,2121.6,346.2,339.5,11.75,1
3100.8,2487.7,434.3,178.8,13.5,1
2140.3,1670.6,181.1,288.5,6.07,1
2057.5,1519.1,219.7,318.7,6.3,1
814.8,579.7,146.5,88.6,9.78,0
2924.0,1635.4,194.4,1094.1,11.2,1
1692.9,1298.3,236.4,158.3,13.26,0
3172.7,2263.7,246.3,662.6,13.2,1
1807.3,1140.8,319.9,346.6,10.96,0
2325.7,1507.9,318.3,499.5,14.37,0
1529.9,1270.9,169.0,90.1,3.09,1
1233.6,909.5,107.9,216.1,14.28,0
2892.3,2003.7,334.1,554.4,1.43,1
2140.8,1576.2,414.5,150.0,8.56,1
2248.5,1515.8,284.2,448.6,1.81,1
3406.6,2354.2,410.2,642.2,8.74,1
3401.7,2167.2,550.9,683.6,6.16,1
3110.2,2121.0,332.4,656.8,1.68,1
1306.5,987.3,149.1,170.1,9.9,0
2404.5,1351.3,241.8,811.5,11.1,1
3171.0,2500.4,230.3,440.3,3.03,1
1811.1,1149.8,284.5,376.8,10.57,0
1073.0,809.9,194.2,69.0,3.1,0
2989.6,2220.7,555.6,213.3,2.49,1
2100.8,1566.7,382.6,151.4,2.64,1
2323.9,1702.1,273.7,348.1,9.19,1
3451.8,2891.7,319.7,240.5,11.79,1
2439.5,1713.7,355.4,370.3,9.15,1
1947.4,1498.9,376.3,72.2,12.24,0
1799.0,1370.1,286.1,142.7,9.08,1
1927.6,1196.8,239.5,491.3,12.06,0
1119.7,711.0,171.7,237.0,14.66,0
2945.8,1994.9,488.7,462.2,6.17,1
3061.8,1939.1,575.3,547.5,2.67,1
1567.9,1034.8,257.9,275.2,2.46,1
1620.3,1081.2,186.3,352.8,9.16,0
3160.7,2311.0,287.8,562.0,8.43,1
864.7,532.6,108.1,224.0,3.17,0
2205.2,1745.0,218.8,241.4,13.29,1
2051.9,1397.9,392.8,261.3,14.37,0
2663.3,2029.1,336.1,298.1,4.17,1
1241.2,713.0,149.9,378.3,3.5,0
2604.5,1799.7,266.3,538.6,3.6,1
1817.2,1014.8,265.1,537.2,6.12,0
2470.5,1859.7,316.2,294.5,12.87,1
908.3,593.2,63.0,252.1,9.14,0
2046.7,1708.5,369.2,50.0,1.48,1
2210.1,1430.4,229.5,550.1,7.36,1
1378.7,991.5,158.4,228.8,1.81,1
1177.0,738.2,95.2,343.6,6.39,0
1308.9,963.4,174.1,171.4,6.35,0
1729.2,1193.3,268.6,267.3,9.9,0
1061.4,701.8,193.4,166.3,8.47,0
3357.8,2052.0,193.9,1111.9,13.18,1
1893.5,1104.8,371.1,417.6,0.74,1
2984.2,1748.6,464.3,771.3,11.72,1
3430.9,2915.3,317.9,197.8,0.83,1
1018.0,685.8,82.1,250.1,4.91,0
2559.5,1409.2,241.7,908.6,13.26,0
3152.8,2635.4,571.8,50.0,10.51,1
2512.4,1396.9,235.4,880.1,2.99,1
1958.4,1323.0,233.9,401.5,7.62,0
1963.9,1502.9,306.1,154.9,10.97,0
896.9,739.4,162.2,50.0,14.09,0
2243.4,1713.7,333.8,196.0,9.7,1
3482.6,2399.8,567.5,515.2,0.86,1
3388.5,2854.3,257.5,276.7,7.75,1
909.1,510.7,165.1,233.3,2.72,0
2705.7,2289.2,247.2,169.3,1.19,1
1614.8,1299.6,111.8,203.3,9.18,0
3238.1,2683.3,636.1,50.0,11.77,1
921.8,577.5,74.0,270.4,1.02,0
3326.9,1972.0,234.5,1120.4,11.86,1
3061.2,2292.8,440.5,327.9,10.74,1
1117.3,787.4,109.3,220.6,11.4,0
961.5,679.8,67.3,214.5,4.05,0
3053.7,2526.6,428.0,99.1,6.21,1
1220.5,898.4,200.0,122.2,2.24,0
2244.2,1443.8,379.2,421.2,3.96,1
3272.5,2192.6,240.0,839.9,4.89,1
2332.1,1376.1,311.4,644.6,5.13,1
1872.5,1137.9,322.2,412.4,3.04,1
2001.5,1186.9,148.4,666.2,3.24,1
970.4,769.6,78.8,122.0,13.57,0
3415.6,2600.9,172.0,642.7,11.87,1
1638.8,1162.1,210.9,265.8,5.49,0
1311.3,868.5,103.9,338.9,14.24,0
1572.3,1180.1,249.4,142.8,3.96,0
3403.8,2702.2,661.5,50.0,6.4,1
1054.6,858.8,85.8,110.0,12.3,0
3141.7,2243.5,463.0,435.2,6.92,1
2711.2,2158.0,221.7,331.5,3.9,1
3041.1,2139.1,160.3,741.7,5.84,1
3434.9,2378.2,562.6,494.1,7.76,1
3073.8,2488.7,353.8,231.4,9.5,1
3347.1,2228.9,642.7,475.5,6.38,1
1142.7,764.2,148.7,229.8,6.75,0
2948.6,1891.5,217.1,840.1,4.33,1
2273.3,1604.1,267.0,402.2,8.26,1
2267.4,1617.7,182.4,467.3,3.68,1
3227.1,2414.3,586.4,226.4,13.08,1
3423.9,2325.3,526.0,572.5,11.34,1
2703.1,1663.3,273.5,766.2,6.45,1
2103.9,1704.3,271.8,127.9,11.33,0
2032.3,1328.7,305.7,397.9,0.6,1
1843.1,1524.0,308.6,50.0,5.5,1
1776.3,1087.5,110.2,578.7,6.88,0
1857.1,1333.4,99.1,424.5,7.31,0
1042.3,741.1,70.0,231.2,11.36,0
1009.1,805.8,110.2,93.0,14.46,0
2905.6,1719.1,348.7,837.8,6.01,1
2004.4,1649.6,141.2,213.6,5.58,1
3312.8,2350.2,370.0,592.7,9.35,1
2453.0,1780.5,285.1,387.4,4.58,1
895.0,629.2,59.4,206.4,2.55,0
1225.3,687.2,229.7,308.4,14.44,0
1355.7,947.8,189.6,218.3,12.24,0
3434.5,2160.5,371.9,902.1,14.4,1
1390.5,907.7,175.3,307.5,3.66,0
2192.5,1632.9,213.0,346.7,0.76,1
3327.7,2327.1,592.8,407.8,6.84,1
3438.4,1987.3,468.5,982.6,14.04,1
1438.2,822.5,178.7,437.0,2.51,0
932.6,564.9,174.1,193.7,2.2,0
1214.7,737.7,213.4,263.6,1.5,0
971.0,711.2,166.9,92.8,11.59,0
1326.8,800.5,111.2,415.1,11.9,0
2335.1,1902.0,170.4,262.7,10.58,1
3263.6,2000.4,501.0,762.2,1.27,1
2250.5,1299.3,270.7,680.5,10.99,1
2490.2,2023.8,379.9,86.5,7.01,1
1345.0,858.9,220.7,265.4,2.79,0
2961.6,2006.8,279.3,675.5,4.78,1
2468.0,2067.5,228.8,171.8,7.77,1
3133.2,2610.9,387.3,134.9,5.28,1
3361.9,2570.1,306.0,485.8,14.56,1
1739.3,992.6,261.1,485.7,7.38,0
1044.6,760.4,169.2,114.9,5.9,0
1410.0,1193.9,170.3,50.0,10.26,0
1982.2,1653.3,314.3,50.0,9.93,1
3353.4,1951.0,424.4,978.0,0.54,1
1821.4,1218.2,285.8,317.4,9.47,0
2881.1,1857.3,241.3,782.5,4.03,1
2259.3,1330.5,363.4,565.4,5.94,1
1293.6,981.1,203.4,109.0,10.74,0
1666.0,1053.2,149.9,462.9,8.58,0
2563.6,1675.2,342.0,546.4,5.85,1
2616.7,1510.1,466.5,640.0,2.93,1
1973.9,1380.5,172.6,420.8,7.83,0
1417.3,846.8,227.3,343.2,5.13,0
2749.1,1868.4,530.8,349.9,13.74,1
1256.0,744.8,226.0,285.2,8.25,0
3329.0,2783.6,366.9,178.5,13.06,1
1307.3,775.9,184.4,347.0,6.16,0
1089.7,770.0,216.6,103.2,12.5,0
2143.6,1305.7,290.0,548.0,1.32,1
2202.8,1262.0,148.1,792.6,4.82,1
2172.1,1326.5,123.4,722.2,1.63,1
1979.0,1121.0,333.6,524.5,0.96,1
3486.0,2063.1,395.8,1027.1,13.82,1
2113.0,1474.9,183.9,454.1,10.89,0
2090.5,1558.5,213.5,318.4,9.56,1
1938.8,1117.1,317.2,504.5,8.22,0
980.4,669.0,117.4,194.0,8.76,0
2401.0,1739.2,432.8,228.9,9.76,1
1415.5,878.0,226.8,310.7,12.49,0
2521.5,1668.3,494.5,358.8,9.15,1
937.3,535.7,171.8,229.8,11.35,0
3449.7,2125.2,304.2,1020.4,4.57,1
2066.3,1425.8,307.6,332.9,14.66,0
3221.2,2728.8,171.0,321.4,0.96,1
2084.0,1769.1,414.0,50.0,6.11,1
962.9,812.6,85.8,64.5,13.29,0
3020.0,2044.3,452.1,523.5,3.12,1
2550.1,1464.3,452.3,633.5,2.55,1
2910.7,1883.5,215.6,811.7,5.8,1
1956.1,1215.3,346.6,394.2,6.71,1
2522.4,1398.0,130.8,993.6,14.03,0
3111.8,1800.4,361.9,949.5,12.62,1
2503.9,1717.6,302.5,483.8,7.23,1
1738.7,1133.5,184.5,420.7,14.61,0
2588.8,1563.9,357.1,667.8,9.81,1
2614.0,1999.3,489.4,125.3,13.17,1
3393.6,2230.0,336.1,827.4,4.07,1
1801.5,1451.2,246.6,103.7,7.59,1
1947.7,1212.1,353.7,381.9,0.93,1
2992.7,2129.4,496.6,366.7,0.63,1
2165.6,1310.7,121.5,733.4,10.73,0
2788.7,1948.2,533.8,306.7,2.22,1
2041.2,1216.0,116.3,708.8,8.44,1
1381.8,827.0,191.1,363.7,10.59,0
2812.1,2063.1,383.3,365.7,0.97,1
1154.1,726.1,193.8,234.2,7.01,0
1336.2,804.0,96.6,435.6,10.42,0
2492.4,2066.0,191.7,234.7,13.4,1
2817.6,1586.0,458.8,772.8,4.84,1
3215.7,2313.8,232.9,669.0,14.63,1
1536.0,1097.4,185.0,253.6,12.75,0
1099.0,687.0,175.6,236.4,9.93,0
3381.3,2319.0,499.4,562.9,6.18,1
1216.9,701.3,99.3,416.3,10.81,0
1333.7,1022.1,127.5,184.1,12.33,0
1586.6,978.1,309.9,298.5,4.9,0
2229.4,1355.5,261.5,612.4,14.9,0
3183.6,2051.7,180.4,951.5,13.67,1
2853.5,2341.9,236.7,274.9,7.54,1
2712.0,2139.6,274.9,297.5,10.98,1
1273.0,1061.8,254.5,50.0,8.1,0
1765.7,1316.5,168.5,280.8,11.53,0
2091.7,1566.4,112.9,412.4,12.49,0
1198.1,831.5,152.1,214.5,0.84,0
1538.3,1263.8,96.2,178.3,1.65,0
1632.5,1148.1,148.7,335.7,5.38,0
1143.6,750.8,227.4,165.4,13.81,0
2285.6,1696.2,355.9,233.6,6.27,1
2703.6,1929.9,155.7,617.9,13.37,1
988.8,580.6,116.0,292.2,7.21,0
2099.0,1401.8,159.0,538.3,4.69,1
2912.0,1875.3,199.3,837.4,13.56,1
2819.6,2267.1,389.3,163.2,8.63,1
3000.7,1991.4,377.6,631.6,5.73,1
2010.2,1601.1,324.5,84.6,1.14,1
3015.5,2058.7,554.4,402.4,2.11,1
1450.0,1125.3,126.2,198.6,2.52,0
1774.2,1047.8,334.3,392.0,5.79,1
1276.2,1055.9,163.0,57.3,9.31,0
2062.2,1431.5,183.2,447.5,4.96,1
1858.6,1167.1,328.7,362.8,1.45,1
1450.5,902.9,80.3,467.4,4.34,0
2829.8,1781.4,379.0,669.4,6.43,1
1647.4,1087.3,260.7,299.4,14.89,0
1536.6,1175.9,141.4,219.3,6.2,0
1153.4,963.0,207.1,50.0,1.79,1
1984.8,1490.0,170.8,324.0,8.93,0
1618.0,1155.5,284.7,177.8,13.83,0
1797.0,1230.2,111.0,455.8,11.91,0
1437.2,1147.5,106.3,183.3,12.63,0
2860.5,2302.4,306.5,251.6,13.96,1
3311.0,2112.1,589.7,609.2,9.73,1
2144.4,1792.8,153.7,197.9,14.93,0
2536.1,1695.5,459.8,380.8,0.98,1
3141.4,2481.8,265.3,394.3,12.61,1
3496.8,2937.5,412.2,147.1,12.93,1
2456.5,1869.6,252.8,334.1,13.79,1
3202.4,1916.5,216.9,1069.0,7.43,1
3253.2,2361.3,623.5,268.4,11.92,1
2936.9,1720.0,339.9,877.1,3.33,1
2044.5,1608.5,313.9,122.1,9.25,1
1019.1,646.5,138.9,233.7,5.7,0
842.7,639.2,105.6,97.9,9.14,0
2088.4,1718.8,297.6,72.0,10.3,1
2134.6,1290.0,394.4,450.3,5.53,1
1899.9,1268.8,294.3,336.7,3.64,1
2334.1,1736.9,303.1,294.1,5.16,1
2290.8,1548.4,336.2,406.2,10.13,1
3058.9,1842.8,431.2,784.9,10.31,1
1093.4,610.9,125.7,356.8,11.25,0
1408.0,946.1,202.3,259.5,2.33,0
2941.1,2190.4,342.7,407.9,12.37,1
3089.2,2231.0,505.5,352.7,10.48,1
3486.0,2080.7,680.9,724.4,0.94,1
3156.9,2163.1,612.4,381.4,5.37,1
3202.7,2116.5,554.4,531.8,7.27,1
1648.7,1042.4,231.3,375.0,5.73,0
1884.5,1448.8,306.0,129.7,2.2,1
1523.8,979.7,116.9,427.3,3.51,0
2437.0,1735.3,297.0,404.8,0.86,1
3334.8,2757.7,295.4,281.6,1.85,1
1730.5,1231.8,87.4,411.3,4.36,1
2303.9,1693.6,449.3,161.0,12.39,1
1600.0,915.2,287.3,397.5,8.14,0
1258.5,759.4,159.9,339.2,6.66,0
1327.0,770.0,116.9,440.0,10.1,0
956.5,745.5,147.2,63.7,8.35,0
3363.1,2693.1,387.5,282.5,2.41,1
1887.8,1143.9,321.9,422.0,3.73,1
3052.1,1879.4,610.2,562.5,3.73,1
2639.6,1707.7,270.2,661.7,9.2,1
1318.2,958.7,114.2,245.2,7.19,0
1273.7,938.2,114.8,220.8,6.12,0
2992.4,2262.3,191.5,538.5,8.57,1
1514.7,1244.4,165.3,105.0,14.57,0
3265.9,2085.3,171.8,1008.7,5.06,1
1178.1,880.8,79.1,218.2,8.04,0
2629.8,1888.0,238.7,503.2,7.47,1
2999.1,1924.7,221.9,852.5,10.89,1
1435.2,1180.1,229.4,50.0,11.09,0
1545.8,894.4,101.8,549.5,11.07,0
3404.2,2599.4,612.4,192.3,3.42,1
1514.4,1163.6,125.9,224.8,7.01,0
1960.9,1616.9,130.0,214.0,12.26,0
1967.8,1388.4,101.4,478.0,6.03,0
1483.2,958.9,233.3,291.1,14.77,0
2894.6,2310.9,256.2,327.6,5.79,1
2884.0,2253.1,364.6,266.3,7.72,1
1821.5,1275.2,121.6,424.7,7.38,0
3054.8,2383.9,604.2,66.7,6.79,1
1375.3,866.9,94.6,413.7,12.76,0
811.6,589.9,90.7,131.0,2.75,0
2342.2,1896.1,416.3,50.0,8.73,1
3484.0,2248.6,302.2,933.3,9.47,1
904.3,628.6,81.4,194.3,12.84,0
1361.6,1137.4,233.2,50.0,9.33,0
2201.1,1737.7,200.3,263.1,14.42,0
2986.8,2437.6,150.6,398.6,13.15,1
1040.4,692.5,118.8,229.1,5.56,0
1867.1,1585.1,96.9,185.2,12.97,0
2817.1,1678.3,525.3,613.5,14.4,1
1803.2,1272.4,263.8,267.0,4.23,1
1309.9,908.8,180.0,221.1,9.35,0
1327.8,1048.4,106.5,172.9,4.59,0
1907.1,1568.8,295.6,50.0,9.92,0
2094.4,1611.3,317.5,165.6,1.86,1
3126.9,2307.8,184.7,634.4,11.15,1
2534.1,1718.7,461.5,353.9,6.59,1
2664.1,1873.1,364.7,426.2,9.02,1
3454.1,2427.5,583.3,443.3,0.88,1
1912.0,1063.3,171.0,677.7,10.58,0
1889.1,1324.1,129.0,436.0,7.69,0
3293.0,2656.8,511.6,124.6,9.57,1
1463.9,1116.6,247.5,99.7,5.08,0
2770.5,2185.1,299.0,286.4,2.61,1
2837.3,1892.9,152.0,792.5,6.81,1
1064.0,754.1,183.8,126.2,14.19,0
2064.2,1156.1,167.0,741.1,3.8,1
1341.5,892.0,135.3,314.2,10.3,0
1300.5,900.4,187.6,212.6,1.22,0
2052.3,1285.9,133.4,633.0,10.91,0
1581.5,884.6,96.2,600.7,3.96,0
2949.4,2233.0,158.8,557.5,7.05,1
3250.5,2212.1,609.5,429.0,5.83,1
2967.3,2002.1,287.0,678.3,2.14,1
1518.3,948.9,226.4,343.0,5.51,0
1540.2,1095.6,305.5,139.0,5.58,1
1487.8,1013.8,223.8,250.2,8.07,0
1164.6,806.1,150.0,208.5,14.6,0
3348.3,2425.0,429.0,494.2,7.32,1
1885.5,1040.6,200.9,644.0,13.76,0
1406.7,1156.7,196.9,53.1,7.19,0
3086.0,1763.1,598.1,724.8,2.06,1
1877.8,1286.8,315.9,275.1,3.84,1
894.8,547.8,101.7,245.3,6.41,0
1237.2,874.9,123.6,238.8,5.22,0
2526.0,1601.6,461.1,463.3,13.05,1
2913.8,2354.4,205.0,354.4,10.34,1
1369.5,916.1,243.0,210.4,8.89,0
3277.0,2430.3,289.2,557.5,7.62,1
3097.7,1935.0,487.4,675.3,6.26,1
3090.6,1717.8,528.3,844.5,9.38,1
1414.7,949.6,172.0,293.1,2.31,0
936.4,665.8,73.8,196.9,2.86,0
3142.0,2161.3,555.2,425.5,4.9,1
1625.7,1363.3,170.9,91.5,2.98,1
2471.1,1883.1,242.4,345.6,10.32,1
2851.9,2420.4,360.8,70.7,0.86,1
1146.4,732.0,132.1,282.3,2.82,0
2908.3,2288.0,443.4,176.9,13.59,1
3334.0,2389.4,235.3,709.3,14.96,1
2766.6,2029.4,319.1,418.1,7.57,1
1991.3,1684.2,365.9,50.0,7.68,1
3167.0,2363.2,175.5,628.3,11.71,1
2224.1,1823.0,263.8,137.3,1.02,1
2810.9,2158.0,419.0,233.9,6.69,1
3015.4,1773.7,552.3,689.4,1.95,1
2823.3,2145.2,392.6,285.4,6.31,1
1577.2,1096.6,273.9,206.7,14.77,0
1118.2,923.2,93.3,101.7,11.43,0
1443.5,1143.3,148.6,151.6,14.78,0
2157.8,1254.2,412.8,490.8,11.32,0
2164.2,1277.3,395.8,491.1,9.32,1
2373.1,1354.8,317.3,701.1,11.44,1
1866.8,1303.0,226.5,337.3,10.06,0
2924.6,1679.4,344.1,901.1,7.23,1
3265.5,2505.0,192.1,568.5,4.74,1
1466.2,1049.3,269.6,147.3,8.04,0
2788.6,2233.0,481.7,73.9,4.25,1
2630.5,1667.6,311.6,651.4,7.56,1
2212.3,1561.3,203.3,447.6,2.62,1
1309.0,766.1,132.8,410.1,8.7,0
2947.1,2403.0,201.8,342.3,4.06,1
3393.7,2044.7,537.1,811.9,4.76,1
2749.0,1596.3,367.0,785.6,7.74,1
3278.2,2004.7,279.0,994.5,2.86,1
3457.3,2737.7,496.0,223.6,14.45,1
1750.5,1018.4,344.7,387.5,6.98,1
2523.2,1852.9,172.5,497.9,5.61,1
2079.6,1609.3,247.0,223.3,0.92,1
3463.9,2685.6,430.0,348.3,12.73,1
1053.3,639.4,79.0,334.9,9.57,0
1913.4,1087.8,248.2,577.4,6.54,1
3164.0,2166.2,445.8,552.0,4.06,1
1566.9,957.0,115.3,494.6,11.3,0
2927.0,2223.9,214.3,488.8,14.21,1
1833.5,1204.6,327.2,301.7,6.02,1
3445.9,2359.8,333.3,752.9,2.46,1
3185.5,1860.5,460.5,864.6,2.08,1
1613.6,1162.2,232.4,219.0,0.59,1
2879.5,1744.0,506.4,629.1,11.29,1
1709.5,1288.5,275.2,145.9,14.73,0
2437.2,1392.5,429.2,615.5,14.9,0
2577.9,2172.6,370.7,50.0,11.87,1
3039.9,2296.2,356.9,386.7,2.85,1
866.0,523.5,94.4,248.1,14.68,0
1394.4,772.8,149.0,472.6,5.25,0
2722.2,1770.3,306.9,644.9,5.34,1
2321.5,1383.3,161.1,777.1,10.47,0
2138.1,1316.1,242.9,579.2,1.21,1
949.1,770.5,102.9,75.7,12.47,0
1740.3,1272.1,96.0,372.2,14.96,0
3135.8,1890.7,286.2,958.9,11.74,1
883.4,633.4,143.8,106.2,11.83,0
1870.4,1172.2,255.7,442.5,6.16,1
3351.9,2825.2,572.9,50.0,1.46,1
937.4,524.8,123.2,289.4,11.99,0
2824.2,2173.8,503.0,147.4,9.16,1
1495.6,1169.4,253.4,72.8,13.69,0
3139.8,1790.2,203.3,1146.4,2.18,1
2814.4,1693.0,553.2,568.2,4.92,1
3191.4,2123.2,166.6,901.6,5.73,1
1383.0,1120.8,193.0,69.2,10.41,0
2234.5,1588.9,377.4,268.2,11.92,1
2904.0,2168.1,289.8,446.1,14.43,1
1463.4,1148.6,204.6,110.2,4.78,0
1423.0,1136.2,148.4,138.4,7.66,0
873.4,605.2,51.6,216.6,0.92,0
3388.0,2380.5,173.7,833.8,4.17,1
2717.0,2079.6,174.5,462.9,5.92,1
2516.0,1582.6,162.9,770.5,9.11,1
2808.8,2264.9,397.8,146.1,7.33,1
2235.4,1243.4,288.1,703.9,5.78,1
2085.6,1269.5,246.8,569.3,9.55,0
2013.7,1591.0,309.7,113.1,12.51,1
2529.2,1649.2,132.8,747.1,4.0,1
1344.1,799.7,121.8,422.6,5.47,0
3197.8,1937.9,532.8,727.1,10.72,1
2991.7,2121.8,557.9,312.0,11.78,1
1743.8,1401.8,201.8,140.2,12.47,0
2362.2,1349.3,147.0,866.0,3.54,1
1180.8,660.2,200.5,320.0,8.32,0
3425.3,2361.9,626.1,437.3,13.55,1
3237.8,2709.6,362.8,165.4,6.18,1
3289.1,2084.3,284.5,920.3,6.73,1
1696.8,1421.5,96.0,179.3,14.78,0
1256.7,1025.8,174.3,56.6,2.14,0
1371.8,871.0,255.8,245.0,10.73,0
1043.0,829.3,158.2,55.5,12.83,0
1124.3,849.7,109.7,164.9,2.69,0
992.5,698.3,145.3,148.9,10.86,0
3472.5,2350.5,607.0,515.0,7.31,1
1000.0,794.6,121.4,84.0,12.87,0
1157.9,912.3,200.3,50.0,13.66,0
3033.6,2357.3,330.0,346.2,13.15,1
2366.6,2010.4,242.1,114.2,1.43,1
2890.9,2005.0,397.4,488.6,11.47,1
2503.5,1982.9,299.7,220.9,13.86,1
3181.9,2573.3,625.5,50.0,9.51,1
2523.9,1548.3,321.7,653.8,9.21,1
2209.7,1243.2,238.2,728.3,1.15,1
2724.4,1829.2,297.6,597.6,12.91,1
2008.0,1620.5,265.4,122.1,1.17,1
1734.4,1104.3,179.1,451.0,5.05,1
2062.7,1567.6,326.8,168.2,13.93,0
1258.2,694.8,134.8,428.7,14.27,0
2950.7,1937.5,317.6,695.7,14.88,1
1503.9,1104.8,214.4,184.7,7.41,0
1214.5,715.3,71.8,427.5,3.07,0
1465.2,1199.9,217.3,50.0,7.58,0
3073.6,1834.6,386.5,852.5,1.98,1
1691.5,1392.0,199.5,100.0,13.15,0
2652.3,1631.0,418.8,602.6,8.63,1
3112.3,2640.1,509.6,50.0,6.37,1
1009.9,738.7,178.7,92.5,1.65,0
2865.6,1648.6,304.4,912.6,6.38,1
1630.7,928.8,161.5,540.3,13.06,0
1384.9,792.8,217.6,374.4,10.7,0
2660.0,1933.8,365.1,361.1,1.7,1
3256.5,2582.0,471.4,203.1,2.82,1
1596.6,1071.1,212.9,312.6,6.19,0
2335.9,1596.4,387.5,351.9,1.97,1
1582.6,1150.2,124.2,308.1,14.04,0
2296.6,1630.4,306.3,359.9,9.96,1
2479.0,1875.2,182.7,421.1,1.87,1
2447.9,1692.8,271.9,483.2,11.93,1
2483.6,1897.8,371.5,214.2,5.84,1
1164.7,989.1,144.4,50.0,4.05,0
2672.6,1750.8,285.8,636.0,8.76,1
2621.8,1451.6,479.1,691.1,0.69,1
2643.0,1553.3,438.5,651.2,7.25,1
1000.0,716.0,128.9,155.0,12.74,0
2006.5,1310.8,386.3,309.4,13.96,0
1904.4,1584.4,216.4,103.5,5.47,1
1034.1,763.4,174.0,96.7,9.82,0
1400.4,988.8,105.3,306.3,3.79,0
1990.6,1571.4,184.9,234.3,8.62,0
2805.8,1760.9,282.6,762.4,4.18,1
1440.1,1146.2,94.9,199.0,8.78,0
3040.3,1675.0,380.9,984.5,2.99,1
2273.7,1673.2,179.3,421.2,14.15,0
2853.1,2369.3,414.1,69.7,13.36,1
2075.9,1632.4,163.0,280.5,5.39,1
2147.8,1731.3,147.2,269.3,11.76,0
2473.2,1654.8,483.2,335.2,1.88,1
3305.5,2635.4,491.7,178.5,11.24,1
2127.9,1522.0,405.3,200.6,4.6,1
2227.4,1638.4,275.0,314.0,2.47,1
2425.4,1376.8,133.4,915.1,10.33,1
2791.3,1704.0,380.1,707.3,7.31,1
994.0,711.0,132.9,150.1,8.19,0
2192.4,1244.5,114.5,833.3,8.05,0
2100.3,1622.3,376.3,101.6,1.36,1
3288.5,2637.5,470.2,180.8,1.25,1
2132.5,1761.7,344.8,50.0,9.22,1
2064.5,1198.5,256.2,609.8,9.55,0
3397.9,2826.8,485.1,86.0,1.18,1
2016.6,1150.0,178.7,687.8,5.99,1
1288.4,891.8,252.6,143.9,9.39,0
1385.7,1111.4,152.6,121.7,10.02,0
1057.0,603.6,78.6,374.8,12.51,0
801.5,445.2,46.8,309.5,6.6,0
1966.3,1096.2,285.9,584.2,8.45,0
2877.0,2023.6,568.2,285.1,8.89,1
2780.4,2206.2,512.6,61.6,5.02,1
886.8,521.6,137.7,227.4,1.28,0
2339.0,1373.9,464.5,500.6,0.56,1
1216.6,876.6,192.7,147.2,12.62,0
3340.9,2072.3,337.1,931.5,3.4,1
1251.9,962.8,175.5,113.6,9.64,0
2491.9,2080.5,154.4,257.0,8.87,1
1680.8,1310.7,139.9,230.2,6.29,0
2532.2,2059.1,285.2,187.9,12.59,1
1913.1,1350.4,153.6,409.1,10.63,0
2851.0,2280.0,550.3,50.0,0.83,1
1422.8,860.6,283.6,278.6,11.76,0
3245.6,1851.7,342.9,1051.1,7.85,1
2150.6,1606.0,336.3,208.2,5.53,1
2841.5,1607.1,315.9,918.5,11.04,1
3094.3,2530.3,219.5,344.5,10.45,1
3496.8,2648.7,351.6,496.5,5.0,1
1404.7,1173.8,119.4,111.4,14.75,0
1574.6,1014.3,156.2,404.1,9.91,0
1476.2,1027.2,121.4,327.6,9.28,0
1509.8,1166.3,100.9,242.5,1.51,0
2372.6,1477.7,196.0,698.9,4.55,1
3482.5,2481.5,647.3,353.8,6.98,1
3473.8,2597.8,218.1,657.8,9.64,1
2222.3,1874.8,219.4,128.1,7.94,1
2525.4,1953.2,326.4,245.8,11.56,1
3121.9,1827.7,322.1,972.1,4.31,1
3318.9,2298.7,423.6,596.6,10.68,1
1350.4,981.3,76.3,292.8,12.34,0
2227.1,1322.8,328.0,576.2,11.59,0
3048.7,2071.8,410.1,566.7,11.68,1
1618.6,1028.2,246.3,344.2,13.38,0
1987.5,1164.0,268.5,555.0,1.72,1
3461.2,2435.3,400.4,625.4,10.61,1
3459.6,2074.7,354.7,1030.2,14.55,1
3246.5,2360.7,272.6,613.2,8.82,1
2955.8,1776.2,369.5,810.1,3.65,1
1526.7,1171.1,82.3,273.3,14.98,0
1666.3,1014.1,165.4,486.9,3.03,0
2277.7,1865.1,345.5,67.0,5.37,1
2314.1,1290.9,153.4,869.7,2.99,1
2164.9,1529.7,128.7,506.5,7.24,1
2519.0,1627.4,372.4,519.3,6.57,1
1902.5,1174.8,208.6,519.0,7.62,0
2822.8,1951.9,480.6,390.2,13.96,1
1700.6,1364.9,324.1,50.0,7.44,0
1692.8,1395.9,327.7,50.0,7.96,0
1143.5,733.0,130.2,280.4,13.36,0
1309.5,780.8,117.4,411.3,12.36,0
3096.4,2372.0,437.5,286.9,3.98,1
2005.0,1452.8,289.2,263.0,0.69,1
1415.2,863.7,202.9,348.6,9.63,0
2850.2,2217.7,280.1,352.4,12.75,1
2295.7,1620.1,136.7,538.9,8.52,1
857.1,639.4,69.9,147.8,3.56,0
1654.2,1088.1,121.0,445.0,11.25,0
1277.9,871.2,87.6,319.1,10.21,0
2570.9,1553.1,485.7,532.1,8.69,1
1542.6,1198.5,80.3,263.7,13.02,0
975.4,582.4,136.8,256.1,11.87,0
948.3,743.0,182.2,50.0,10.19,0
2370.7,1871.4,246.6,252.7,10.14,1
858.7,664.6,110.8,83.3,10.1,0
3091.7,1718.5,477.3,896.0,8.11,1
1219.6,770.7,119.0,329.9,7.23,0
2437.7,1683.3,296.5,457.9,10.79,1
2000.7,1457.8,345.2,197.6,9.35,1
1995.7,1648.0,322.9,50.0,7.6,1
993.9,658.6,170.2,165.0,2.34,0
2967.4,2411.1,587.9,50.0,10.68,1
3211.2,1923.6,338.9,948.7,9.87,1
829.7,548.8,134.5,146.5,5.46,0
1282.2,725.3,180.0,376.8,5.67,0
3240.5,2504.1,486.1,250.4,4.08,1
2283.6,1359.2,367.6,556.8,14.45,0
1205.1,755.7,195.8,253.6,12.97,0
1347.5,1054.5,246.4,50.0,8.64,0
2582.0,1834.3,264.4,483.3,6.32,1
2757.0,1527.9,408.1,821.0,11.18,1
2418.5,1331.8,222.6,864.1,8.15,1
3373.5,2372.2,469.5,531.7,14.65,1
2134.0,1368.9,347.1,417.9,1.3,1
1610.7,973.0,271.7,366.0,1.0,1
2088.5,1533.1,236.0,319.3,8.74,1
1771.1,1095.5,223.7,451.9,3.45,1
1405.9,1023.0,140.7,242.2,9.26,0
924.1,613.4,69.6,241.1,11.83,0
1751.0,1061.1,156.0,533.9,2.5,0
2720.8,1609.2,508.3,603.3,6.89,1
849.8,527.8,81.9,240.1,10.49,0
1985.8,1110.0,389.6,486.2,12.59,0
2538.8,1631.0,218.9,688.9,7.7,1
2448.1,2008.9,387.9,51.3,3.49,1
2897.0,2315.8,394.2,186.9,8.99,1
2988.4,1977.1,461.8,549.5,7.09,1
2721.6,1967.0,399.0,355.6,11.69,1
1077.6,776.1,168.1,133.4,8.56,0
2082.6,1663.2,387.0,50.0,4.55,1
2429.2,1508.3,326.8,594.2,11.44,1
1463.0,934.8,88.0,440.2,8.01,0
914.9,586.0,82.9,246.0,3.07,0
1403.7,789.2,219.3,395.1,8.66,0
2028.2,1307.0,251.7,469.5,14.25,0
1917.6,1559.7,253.7,104.2,10.73,0
1277.0,1051.7,178.1,50.0,4.83,1
3025.9,1763.8,325.0,937.2,10.81,1
3299.4,2268.0,548.0,483.3,4.6,1
1343.6,892.7,213.0,237.9,8.37,0
3309.8,2306.3,520.1,483.4,8.14,1
848.2,607.7,133.4,107.1,4.09,0
3297.4,1833.6,605.2,858.5,5.54,1
3370.2,2705.2,469.5,195.5,14.16,1
832.5,701.1,162.4,50.0,4.13,0
2860.2,2133.7,194.1,532.3,12.11,1
3419.5,2558.3,495.1,366.1,10.18,1
3245.9,2299.4,511.4,435.2,8.22,1
3420.9,2224.6,415.9,780.4,2.49,1
2285.9,1359.4,213.1,713.4,3.47,1
1011.0,733.2,134.0,143.8,3.1,0
3094.4,1743.7,324.0,1026.7,9.01,1
2457.3,1959.4,458.0,50.0,14.61,1
2459.8,1663.5,254.6,541.7,13.22,1
1926.6,1299.3,147.1,480.1,0.87,1
2344.0,1519.2,319.9,504.9,4.47,1
1214.7,1021.3,132.9,60.5,2.78,0
2797.4,1685.4,180.1,931.9,14.65,1
1002.5,596.9,135.1,270.6,3.92,0
2770.4,1661.3,362.0,747.1,3.42,1
3092.2,2311.6,234.9,545.7,9.5,1
2075.7,1759.3,289.9,50.0,8.56,1
2176.5,1350.9,294.1,531.6,3.77,1
1643.0,1350.0,272.8,50.0,10.22,0
3417.5,2165.3,356.2,896.0,1.91,1
2779.4,2068.9,242.7,467.8,0.78,1
1796.3,1009.8,346.1,440.4,1.7,1
1272.0,888.7,170.7,212.6,5.79,0
1392.9,1039.6,75.3,278.0,14.64,0
2052.6,1459.2,355.3,238.1,8.44,1
3344.9,2078.4,266.0,1000.6,11.44,1
2782.2,2221.7,467.1,93.3,5.16,1
1381.2,1161.6,215.1,50.0,10.93,0
3120.8,2146.4,609.6,364.9,14.51,1
1821.1,1349.1,354.8,117.3,5.69,1
3099.6,2439.8,282.6,377.3,14.99,1
1452.6,904.2,239.6,308.8,9.76,0
2470.4,1999.4,240.9,230.1,11.35,1
3302.0,2093.7,476.7,731.6,4.16,1
1496.3,1171.2,209.0,116.1,9.82,0
2670.9,1558.8,155.4,956.7,7.91,1
3465.7,2206.0,176.0,1083.8,14.37,1
1206.6,856.8,70.8,279.0,13.62,0
1038.7,734.8,71.9,232.0,6.25,0
2620.3,2109.7,232.3,278.3,14.23,1
1717.3,1457.7,319.5,50.0,13.33,0
992.4,577.7,126.8,287.8,9.06,0
2083.3,1315.4,353.2,414.7,1.69,1
2835.2,1863.5,498.3,473.4,2.83,1
1569.8,1089.0,251.6,229.3,1.61,0
1704.6,1190.1,185.3,329.2,2.07,1
3083.4,2487.9,553.7,50.0,14.67,1
2204.2,1721.8,355.6,126.8,3.58,1
3075.4,1708.8,496.6,869.9,10.52,1
2005.3,1376.6,371.4,257.2,9.73,1
3373.0,2480.6,471.5,420.9,9.65,1
2557.1,1759.6,330.6,466.9,3.5,1
1112.9,655.7,204.2,252.9,8.9,0
3189.8,2134.7,376.9,678.1,9.57,1
2121.0,1428.5,364.3,328.3,8.77,1
1182.4,716.9,68.7,396.8,3.2,0
1212.3,941.8,60.8,209.6,10.98,0
2656.3,1717.1,343.3,595.9,1.56,1
927.9,674.3,56.6,197.0,9.07,0
1573.8,1109.1,309.2,155.5,6.83,1
1177.4,957.5,59.8,160.1,4.13,0
1990.9,1167.9,314.0,509.0,12.21,0
1918.8,1121.1,166.0,631.7,3.05,1
2209.1,1414.0,431.1,364.0,14.03,0
1555.0,1056.4,166.7,331.8,13.33,0
886.5,567.0,48.0,271.6,5.73,0
2458.8,1915.3,132.9,410.6,4.92,1
1809.0,1128.1,240.6,440.3,2.49,1
2558.6,1472.3,506.6,579.7,13.79,1
1093.4,737.1,215.4,140.9,9.6,0
837.2,654.7,84.2,98.3,0.96,0
1470.4,1183.9,180.0,106.5,7.91,0
2032.7,1565.2,132.3,335.2,1.74,1
1864.0,1337.2,239.2,287.6,8.82,0
2987.8,2292.4,418.2,277.2,7.88,1
1820.2,1373.2,159.6,287.4,1.7,1
2232.2,1384.7,316.6,531.0,12.33,0
2402.5,1718.3,444.4,239.8,4.3,1
858.9,671.0,43.1,144.9,8.35,0
2190.9,1413.4,184.8,592.7,9.77,0
1731.0,1291.7,141.1,298.3,14.45,0
1937.5,1345.5,132.9,459.1,7.66,0
1070.8,750.6,80.2,240.0,13.8,0
2913.6,1681.2,419.2,813.2,5.65,1
3344.5,2507.9,218.7,617.8,12.93,1
860.1,696.4,138.3,50.0,3.92,0
2423.7,1435.9,443.7,544.2,10.76,1
2862.4,1888.7,541.0,432.7,1.78,1
1569.0,885.8,233.8,449.3,14.8,0
2926.4,1635.5,233.0,1057.9,14.33,1
2507.4,2123.5,157.4,226.4,6.91,1
3308.7,2309.6,280.6,718.5,8.1,1
3448.7,2264.6,670.1,514.0,9.17,1
914.3,578.3,177.7,158.3,4.49,0
2001.3,1689.1,214.7,97.5,10.28,1
2276.9,1424.6,225.1,627.2,10.63,0
1196.2,918.3,151.3,126.5,8.11,0
1708.0,1084.8,160.1,463.1,2.64,0
3466.6,1980.0,682.8,803.9,13.83,1
843.8,637.1,70.2,136.6,2.17,0
2021.8,1113.0,213.0,695.8,9.62,0
3075.2,2314.8,351.8,408.6,1.99,1
1674.5,1046.8,115.1,512.6,2.62,1
2095.5,1621.5,225.1,248.8,0.8,1
3440.7,2686.9,614.2,139.6,5.77,1
2082.2,1597.5,147.9,336.7,9.77,1
1153.5,642.9,158.7,351.9,8.06,0
939.6,715.2,104.3,120.2,10.28,0
3352.6,2839.8,253.4,259.4,10.29,1
1517.7,945.2,78.7,493.8,2.53,0
2161.0,1366.3,196.7,598.0,1.33,1
1044.9,829.7,61.9,153.3,9.57,0
1943.9,1162.7,207.1,574.2,9.97,0
3311.3,2477.4,568.0,265.9,8.57,1
2156.5,1674.6,340.6,141.3,4.06,1
3422.1,1920.3,657.4,844.4,12.26,1
1498.9,1073.4,170.9,254.5,1.6,1
2162.3,1562.8,337.7,261.8,9.67,1
3120.7,2000.5,467.5,652.8,2.25,1
2010.3,1634.2,166.0,210.2,9.99,1
1554.6,930.9,148.5,475.1,6.56,0
3109.8,2050.2,402.6,657.0,10.91,1
1852.7,1490.7,314.0,50.0,1.26,1
2233.0,1355.8,266.3,610.8,8.55,1
3436.6,2737.0,289.2,410.4,2.6,1
1303.5,747.8,259.4,296.2,10.39,0
1613.8,1124.4,108.7,380.7,2.24,0
883.9,506.1,170.9,206.8,1.57,0
1858.0,1399.7,318.4,139.9,10.84,0
1340.5,1055.2,235.7,50.0,1.42,1
2636.1,2121.9,446.1,68.0,3.76,1
1289.6,1088.9,104.7,95.9,12.46,0
2622.0,1970.7,379.9,271.4,12.24,1
1511.4,1180.0,247.1,84.3,12.88,0
1759.1,1234.4,284.7,240.0,5.23,1
1741.9,1435.0,158.1,148.8,8.16,1
2735.2,2032.6,211.1,491.5,11.71,1
2059.6,1678.7,204.3,176.5,2.49,1
1775.5,1101.9,216.6,457.0,11.0,0
3102.1,2168.4,422.1,511.6,1.91,1
2344.3,1802.6,411.5,130.1,13.74,1
1377.3,841.3,227.8,308.3,9.74,0
3230.2,1981.4,489.1,759.7,7.65,1
1725.2,1455.0,154.4,115.7,7.53,1
905.2,615.9,110.3,179.0,3.13,0
2135.4,1291.0,214.2,630.2,5.52,1
1134.6,736.9,96.7,301.0,11.04,0
1443.9,966.2,74.4,403.2,8.34,0
2817.2,2076.1,284.3,456.8,8.17,1
1153.0,953.4,101.9,97.6,3.33,0
2978.7,2520.0,404.5,54.3,10.51,1
3329.6,2482.3,197.6,649.8,6.18,1
2437.6,1852.5,220.8,364.3,3.15,1
2718.0,1757.3,154.2,806.5,14.18,1
2726.7,2200.8,398.7,127.2,7.85,1
3480.6,2141.7,470.7,868.2,8.16,1
1722.2,1002.1,173.3,546.7,14.73,0
1239.7,1043.8,89.4,106.5,5.81,0
2201.8,1781.7,426.5,50.0,14.17,1
2239.8,1435.9,308.3,495.5,10.58,1
1280.4,963.5,194.4,122.4,9.68,0
2455.4,1694.5,318.5,442.4,3.9,1
838.1,542.2,143.3,152.6,1.25,0
3304.7,2101.9,609.6,593.2,6.85,1
1514.4,894.7,162.7,457.0,0.65,1
906.8,648.2,139.2,119.4,1.53,0
1092.3,747.1,92.3,252.9,9.13,0
1448.7,1019.4,214.1,215.2,11.0,0
1539.5,946.2,169.2,424.2,2.94,1
888.6,738.9,45.3,104.3,11.12,0
1554.3,1152.6,300.5,101.2,14.27,0
1320.9,1083.0,238.1,50.0,11.28,0
1822.3,1062.0,170.6,589.7,11.88,0
1840.0,1355.8,367.4,116.8,10.66,0
1715.3,1380.6,167.4,167.4,3.76,1
1685.4,1094.3,200.3,390.8,5.73,0
1042.3,634.3,185.2,222.8,14.26,0
868.1,546.4,83.1,238.5,10.09,0
1345.7,850.3,158.2,337.2,11.94,0
2843.0,1945.0,426.0,471.9,14.55,1
3475.2,2251.2,241.8,982.2,3.86,1
3307.0,2088.0,374.9,844.2,5.16,1
2161.4,1609.3,208.4,343.7,9.85,1
2235.9,1265.3,338.8,631.8,0.85,1
1649.4,1075.6,116.1,457.7,8.78,0
2889.6,2187.2,245.4,457.0,12.23,1
2864.8,1726.8,448.9,689.1,9.35,1
3079.5,1897.9,226.1,955.5,4.78,1
3217.9,1963.5,364.6,889.7,11.0,1
1972.7,1085.6,309.6,577.6,2.62,1
2870.6,1986.8,473.1,410.6,13.47,1
2977.3,1672.3,191.2,1113.7,1.96,1
1632.8,1031.8,290.3,310.8,13.02,0
3309.0,2807.5,524.8,50.0,7.72,1
1054.7,870.7,106.4,77.6,6.72,0
3484.5,2141.3,573.5,769.8,7.76,1
2879.2,1851.4,458.5,569.4,3.4,1
1051.8,724.8,147.4,179.6,7.14,0
2571.8,2066.0,344.0,161.8,12.82,1
892.3,705.6,142.9,50.0,12.11,0
2879.5,1692.8,575.6,611.1,2.86,1
2957.9,1737.3,404.6,816.0,10.26,1
2426.5,1637.9,415.7,372.9,12.92,1
3113.5,2525.2,503.3,85.1,12.39,1
1064.3,867.0,189.8,50.0,6.67,0
1545.0,899.5,298.5,347.0,1.2,1
1918.3,1385.6,151.5,381.3,14.0,0
914.6,545.8,68.4,300.4,6.24,0
2010.2,1519.4,277.3,213.5,5.73,1
1516.1,1250.7,178.0,87.4,11.51,0
1860.4,1277.0,252.3,331.1,4.33,1
1947.8,1119.8,330.6,497.4,12.6,0
3174.4,2297.6,602.4,274.5,1.6,1
1529.9,1029.0,172.3,328.7,11.24,0
3213.1,2548.9,506.7,157.6,14.5,1
1950.1,1271.7,155.1,523.4,14.94,0
1685.1,1369.1,219.4,96.6,13.9,0
2156.8,1363.3,114.9,678.6,13.13,0
1927.9,1151.5,242.1,534.4,4.54,1
1494.9,959.6,197.0,338.2,14.52,0
2157.2,1209.1,345.8,602.3,13.95,0
1209.9,767.5,178.4,264.0,8.25,0
1750.2,1309.2,181.6,259.4,6.33,0
2327.6,1379.6,118.4,829.7,2.08,1
1916.2,1117.9,129.0,669.3,9.06,0
3024.6,1783.6,592.7,648.2,10.66,1
1493.1,856.0,281.2,355.9,6.36,0
3418.4,2777.1,337.6,303.7,6.39,1
2918.7,2432.0,259.3,227.5,8.81,1
3412.5,1924.5,394.0,1093.9,0.9,1
3063.0,2383.1,470.1,209.8,14.39,1
1183.7,912.8,122.5,148.4,4.7,0
2221.4,1886.2,133.5,201.8,2.54,1
1258.9,823.8,139.0,296.1,0.58,0
3009.2,1912.8,268.1,828.3,12.92,1
2377.2,1630.6,234.7,511.9,13.02,1
1511.3,1219.6,112.5,179.2,1.88,0
3309.9,2543.9,492.6,273.4,2.71,1
1111.0,768.2,143.3,199.4,6.99,0
2322.4,1447.7,210.5,664.2,3.19,1
2746.8,2109.8,365.5,271.4,11.17,1
958.9,773.2,118.8,66.9,1.34,0
2414.2,1617.5,409.0,387.8,8.47,1
3002.9,2253.9,580.8,168.2,6.05,1
982.3,658.2,68.4,255.7,7.24,0
2183.1,1514.1,398.6,270.4,6.66,1
1498.1,1059.9,233.3,205.0,2.72,1
2589.9,2027.2,398.5,164.2,3.69,1
1120.4,944.8,118.9,56.7,1.44,0
3330.0,2275.4,338.3,716.3,2.17,1
3215.8,2098.9,163.5,953.3,14.68,1
1302.1,862.1,257.0,183.1,4.56,0
1672.8,987.2,235.8,449.7,4.95,1
2386.6,1525.2,263.4,598.0,2.34,1
2738.8,1577.4,360.3,801.1,11.45,1
1995.2,1353.5,111.9,529.8,13.9,0
1222.0,733.4,92.9,395.6,11.95,0
1081.2,707.0,155.2,219.0,9.38,0
3499.4,2757.8,444.9,296.7,12.29,1
2029.5,1265.9,341.1,422.5,6.36,1
3155.8,2315.0,469.6,371.2,12.96,1
2102.4,1724.7,294.8,82.9,12.08,0
3290.4,2369.3,566.9,354.1,0.53,1
1037.0,630.6,62.5,343.9,7.57,0
1107.9,723.9,170.2,213.7,4.34,0
3310.0,2406.7,520.8,382.5,1.75,1
3358.2,2357.4,306.5,694.3,12.77,1
1649.7,980.9,130.9,537.9,0.62,0
1758.9,1203.2,144.4,411.4,11.09,0
2021.6,1441.3,161.2,419.2,14.83,0
1923.6,1212.3,247.3,464.0,7.49,0
1313.1,963.5,92.4,257.3,5.88,0
3225.6,1842.0,480.3,903.4,9.28,1
1483.9,966.0,97.6,420.3,12.17,0
2704.2,2139.8,146.1,418.3,3.98,1
981.3,616.1,96.1,269.2,4.14,0
904.6,661.8,71.3,171.6,9.3,0
2565.1,1726.3,508.7,330.1,14.13,1
1715.3,1106.3,163.7,445.3,4.83,0
2569.7,2119.6,214.1,236.0,5.96,1
1053.9,688.1,83.8,281.9,14.9,0
3364.6,2089.4,356.9,918.3,3.06,1
2821.0,2321.1,397.4,102.5,1.62,1
3165.9,2449.7,529.6,186.6,9.05,1
1168.5,881.7,122.3,164.5,0.85,0
1664.4,940.2,239.5,484.8,3.12,0
1794.5,1057.6,219.5,517.4,9.52,0
2250.4,1668.7,398.3,183.5,10.06,1
1601.5,981.5,216.8,403.3,7.9,0
963.7,595.3,90.1,278.3,6.06,0
1796.0,1407.6,279.3,109.1,8.85,1
1487.3,945.6,257.3,284.4,9.83,0
1842.0,1052.7,220.7,568.6,12.15,0
1331.8,747.0,263.8,320.9,11.99,0
1507.1,1029.3,274.1,203.7,10.14,0
2492.8,1832.5,198.3,462.0,13.47,1
1848.0,1498.1,310.5,50.0,12.65,0
1732.5,1010.5,242.8,479.2,2.43,1
2241.5,1365.1,291.9,584.5,14.37,0
2884.0,2044.6,366.5,472.9,13.43,1
1822.9,1201.7,324.5,296.7,5.15,1
2386.3,1657.9,338.0,390.4,0.79,1
3408.7,2819.8,445.4,143.5,9.26,1
2209.3,1576.3,126.7,506.4,6.86,1
3256.5,2196.6,381.8,678.1,11.37,1
2942.9,2492.2,548.0,50.0,8.11,1
958.5,546.0,150.3,262.3,1.61,0
1958.6,1624.9,112.9,220.8,4.05,1
2685.5,1881.2,490.4,313.9,13.3,1
3464.1,2428.8,602.8,432.6,1.05,1
2037.6,1684.3,269.0,84.4,11.18,1
1050.5,737.7,56.1,256.8,4.73,0
2317.4,1579.4,311.4,426.7,7.06,1
1141.7,721.3,66.4,354.0,8.2,0
2829.1,2115.2,277.4,436.5,4.13,1
2170.7,1564.9,313.3,292.5,9.95,1
2753.3,1691.3,514.7,547.2,10.55,1
3147.3,2400.8,326.3,420.2,1.73,1
2498.2,1856.7,447.2,194.3,5.92,1
2453.6,1641.9,460.7,351.0,11.29,1
2837.3,1564.3,150.8,1122.2,10.96,1
3074.6,2103.0,264.2,707.5,8.4,1
3146.4,1736.3,492.4,917.8,11.78,1
898.4,514.3,146.9,237.1,2.06,0
2301.7,1563.3,250.6,487.9,2.21,1
1383.9,795.2,205.5,383.2,10.03,0
3122.9,1975.9,442.9,704.1,10.55,1
2550.7,1904.5,410.6,235.6,12.31,1
1934.6,1243.1,305.3,386.2,3.13,1
1307.9,1110.8,82.2,114.9,7.99,0
1715.4,1415.0,126.5,173.9,10.08,0
2700.2,1959.2,188.8,552.2,3.74,1
1351.8,1135.6,256.7,50.0,8.0,0
1052.7,853.1,196.9,50.0,9.76,0
3197.7,2064.6,542.4,590.7,3.61,1
2863.4,2218.8,193.3,451.3,5.95,1
1339.4,791.7,182.4,365.4,3.64,0
1589.2,1200.5,124.1,264.7,13.59,0
3424.6,2388.1,360.5,676.1,3.93,1
2712.1,1505.3,244.3,962.5,2.25,1
2448.4,1548.1,426.9,473.5,1.01,1
1630.6,1364.2,116.9,149.6,1.15,1
1607.6,1036.5,236.2,334.9,3.28,1
906.7,548.1,179.2,179.5,9.32,0
2766.9,1677.5,423.5,665.9,0.76,1
916.6,635.9,56.7,224.0,4.66,0
813.1,652.8,151.4,50.0,1.34,0
2769.6,2153.1,405.6,210.9,6.35,1
3362.0,2289.7,398.2,674.1,1.2,1
2842.6,1741.4,423.4,677.7,9.31,1
2073.4,1169.0,377.1,527.3,10.48,0
2112.3,1454.9,256.8,400.6,11.1,0
1977.6,1571.0,256.5,150.0,3.75,1
1676.5,1289.1,197.6,189.8,13.09,0
2208.6,1485.5,134.5,588.7,10.51,1
1964.1,1430.7,330.1,203.3,1.32,1
2415.1,1644.3,166.5,604.2,6.89,1
3224.9,2333.9,352.1,538.9,11.63,1
3486.5,2458.9,376.6,651.0,5.01,1
1012.6,763.8,93.2,155.6,6.03,0
1838.6,1291.3,202.9,344.4,9.63,0
1287.9,1071.8,183.8,50.0,1.3,0
1750.7,1187.7,169.3,393.7,14.52,0
1576.2,874.4,119.6,582.2,3.03,0
1271.3,789.3,229.3,252.6,0.89,0
2863.0,2004.6,560.1,298.3,0.58,1
2140.0,1524.0,254.2,361.7,6.29,1
3282.0,2349.0,325.1,607.9,13.32,1
888.0,678.8,50.7,158.5,12.39,0
980.8,620.3,54.5,306.1,13.72,0
1888.8,1415.6,205.8,267.5,8.24,0
1016.7,774.0,192.7,50.1,7.01,0
1509.4,1016.4,240.9,252.1,6.09,0
3462.3,2322.0,354.5,785.8,1.17,1
1364.2,823.5,266.3,274.4,13.69,0
1334.9,900.0,152.6,282.3,7.69,0
2348.8,1846.3,215.0,287.6,7.1,1
2144.6,1764.3,244.4,135.9,7.97,1
2367.2,1723.5,193.5,450.2,12.02,0
1817.2,1162.7,332.3,322.3,3.75,1
3032.3,2288.4,315.9,428.0,10.79,1
1174.2,906.5,174.6,93.1,10.81,0
1956.7,1271.2,212.0,473.5,12.82,0
2662.4,2124.5,493.2,50.0,0.63,1
3144.2,1798.8,460.2,885.2,2.97,1
1797.8,994.6,221.6,581.7,7.33,0
2332.9,1369.2,162.9,800.9,12.83,0
986.7,588.9,182.8,215.0,14.49,0
1259.9,1025.1,166.3,68.4,9.13,0
986.7,668.5,91.5,226.7,3.58,0
2765.3,1749.0,502.4,513.9,3.18,1
1577.8,1070.9,91.8,415.1,9.77,0
2754.1,1841.0,267.5,645.7,3.55,1
979.3,627.2,127.8,224.3,8.52,0
3128.9,1850.3,315.9,962.6,12.6,1
3055.9,2282.1,371.3,402.5,6.15,1
1040.1,614.7,93.2,332.2,5.99,0
864.1,676.3,60.1,127.8,1.02,0
952.0,581.2,52.9,317.9,4.18,0
3104.8,2388.9,228.7,487.3,10.62,1
1433.7,1135.0,276.6,50.0,5.73,0
2280.3,1339.9,310.8,629.6,2.8,1
1950.9,1123.7,240.6,586.5,2.03,1
2947.9,2461.1,317.3,169.4,1.88,1
2120.0,1460.5,331.3,328.2,10.06,1
2151.8,1590.3,153.2,408.3,9.38,1
3470.5,1933.0,317.3,1200.0,8.02,1
1205.3,763.7,178.9,262.8,7.75,0
3042.9,2135.0,370.8,537.1,2.72,1
939.7,766.7,155.5,50.0,7.76,0
2089.7,1319.5,385.7,384.5,1.37,1
3193.1,2498.8,554.0,140.3,13.92,1
2596.1,1943.6,201.5,451.0,1.34,1
2650.1,1549.2,168.9,932.0,6.64,1
1511.0,964.0,114.0,433.0,0.51,0
1930.2,1199.3,323.4,407.5,11.9,0
1789.8,1222.0,334.8,233.0,2.91,1
2207.9,1635.2,416.9,155.8,13.91,1
2048.0,1392.7,194.0,461.3,1.14,1
1682.6,1048.9,296.2,337.5,12.4,0
1624.8,1232.8,211.9,180.0,10.02,0
1477.3,1071.5,256.2,149.6,4.12,0
1785.6,1260.3,236.2,289.2,3.44,1
1204.8,863.1,86.6,255.2,5.69,0
3154.7,1945.1,195.2,1014.4,12.51,1
2425.7,1829.3,469.6,126.8,13.0,1
1161.2,773.7,132.2,255.3,3.04,0
2673.4,1761.9,274.2,637.3,5.62,1
3088.7,1837.5,319.5,931.7,3.94,1
1441.3,1050.8,154.0,236.5,2.28,0
1206.6,881.8,231.4,93.5,9.87,0
823.3,536.8,48.9,237.5,5.52,0
927.6,749.4,62.9,115.2,3.77,0
2858.1,2296.9,481.4,79.8,13.06,1
3465.4,2019.3,458.9,987.2,11.35,1
921.2,698.7,63.8,158.6,11.72,0
2819.8,1884.0,155.6,780.2,1.07,1
994.0,844.8,83.1,66.1,13.77,0
2398.8,1481.3,213.8,703.7,8.83,1
2841.4,1801.9,148.1,891.4,7.81,1
1769.9,1208.2,145.9,415.8,0.65,1
829.5,523.1,133.3,173.1,13.52,0
2407.0,1823.5,429.2,154.3,8.39,1
3476.4,2413.5,642.2,420.6,12.46,1
1495.6,921.7,162.2,411.7,10.0,0
1311.6,920.6,128.4,262.6,12.05,0
1134.6,926.6,226.9,50.0,10.55,0
2299.2,1811.1,380.3,107.8,13.85,1
2410.4,1686.4,314.8,409.2,3.77,1
2939.1,1870.9,259.3,809.0,3.43,1
2833.3,1711.2,278.2,843.9,10.83,1
3209.9,2611.3,408.6,190.0,7.77,1
2975.6,2270.5,390.7,314.3,9.19,1
1467.6,1059.1,76.4,332.1,10.77,0
2300.9,1872.5,446.2,50.0,8.44,1
1603.0,940.2,218.6,444.3,11.92,0
1690.4,1275.8,233.9,180.7,5.12,0
3316.2,2039.5,271.0,1005.7,12.96,1
2641.1,1548.2,435.1,657.8,2.06,1
3431.4,2366.6,551.0,513.8,9.69,1
1925.7,1282.9,123.8,519.0,13.41,0
2251.1,1873.7,313.5,63.9,4.16,1
2115.2,1369.0,314.6,431.7,5.24,1
1089.7,865.7,191.1,50.0,4.93,0
1439.1,1114.8,116.4,207.9,8.68,0
2224.6,1669.3,404.1,151.2,6.49,1
981.9,811.2,117.1,53.7,2.07,0
3314.9,2228.9,213.7,872.3,13.42,1
1134.4,756.5,74.7,303.2,3.47,0
1334.5,798.4,106.3,429.8,8.24,0
2866.4,1813.6,264.9,787.8,9.12,1
1061.7,864.2,132.1,65.4,1.09,0
3230.8,2236.7,524.4,469.7,1.89,1
2759.4,1800.2,215.3,743.9,14.59,1
985.3,605.8,196.0,183.5,10.14,0
2668.0,1855.6,198.0,614.4,0.99,1
2505.4,1916.6,350.5,238.2,12.02,1
2844.8,1809.3,538.6,496.9,7.87,1
3036.1,2360.0,530.9,145.2,1.59,1
2739.5,2024.4,403.2,312.0,10.37,1
2382.7,1873.4,374.9,134.4,7.74,1
1670.7,1044.6,117.2,508.9,3.47,1
2682.6,1983.3,138.0,561.3,13.23,1
3383.8,2017.2,389.6,977.1,4.73,1
2386.3,1572.9,151.4,662.0,4.63,1
2593.7,1990.2,268.9,334.7,4.46,1
1980.2,1464.4,165.5,350.4,11.63,0
2841.5,1723.0,532.6,585.9,10.74,1
3493.7,2821.2,635.9,50.0,13.6,1
1233.1,697.9,213.1,322.0,3.83,0
1346.5,981.0,211.5,154.0,11.9,0
2256.5,1907.1,165.0,184.5,8.81,1
2099.7,1489.6,120.2,489.8,4.98,1
2343.2,1851.6,347.0,144.6,1.01,1
932.5,679.4,136.5,116.7,12.37,0
1891.5,1484.7,199.4,207.4,4.0,1
2374.0,1772.6,287.0,314.4,9.66,1
2380.0,1802.5,293.6,283.9,8.46,1
2574.8,1592.1,221.4,761.3,0.56,1
2744.6,2120.3,266.6,357.7,14.92,1
2532.2,1573.4,285.5,673.2,12.31,1
2933.7,2476.6,412.1,50.0,7.55,1
2486.9,1537.7,480.9,468.3,10.36,1
2251.3,1398.1,294.4,558.8,7.41,1
2436.7,1967.9,389.1,79.7,11.3,1
1073.2,668.5,183.6,221.1,2.45,0
1537.5,1012.1,103.1,422.4,6.97,0
2224.0,1700.0,329.1,194.9,5.37,1
3157.1,1886.7,386.2,884.2,7.17,1
2633.4,1574.1,357.8,701.6,7.03,1
1044.1,726.6,58.2,259.3,2.57,0
2399.1,1494.9,446.1,458.1,14.66,1
1398.7,868.2,269.8,260.7,0.72,0
2781.8,1537.7,140.5,1103.6,0.65,1
3034.1,2005.9,248.5,779.6,5.91,1
2402.3,1550.6,185.0,666.6,9.5,1
2396.7,1340.6,400.7,655.4,3.1,1
1714.2,1262.3,239.5,212.4,8.23,0
2004.9,1479.6,153.6,371.7,10.98,0
3133.1,1789.7,539.2,804.2,1.86,1
2753.0,1776.0,283.6,693.4,14.77,1
2203.3,1788.8,262.5,152.1,5.38,1
1794.2,1300.2,193.9,300.1,9.82,0
936.0,630.5,120.0,185.5,2.11,0
1186.1,817.9,144.7,223.5,10.79,0
1321.2,809.2,120.5,391.5,12.69,0
1808.1,1434.9,205.6,167.7,2.03,1
3349.2,2760.4,623.8,50.0,2.33,1
2163.9,1781.3,271.4,111.2,4.58,1
1434.1,885.1,268.8,280.2,0.67,1
1085.5,698.2,143.9,243.4,14.8,0
1713.4,1024.9,283.3,405.2,9.18,0
3002.5,1928.1,282.3,792.1,9.31,1
1835.0,1192.5,309.3,333.2,14.4,0
2885.8,2135.3,258.7,491.8,12.56,1
2967.3,1800.8,157.1,1009.4,12.31,1
1099.2,907.8,81.5,110.0,5.42,0
2443.4,1419.4,130.1,893.8,5.36,1
3389.6,1871.3,651.0,867.3,4.73,1
1885.8,1520.8,377.1,50.0,5.53,1
937.5,713.6,154.1,69.9,5.86,0
3292.9,2162.2,218.1,912.7,2.53,1
3185.9,2321.4,588.9,275.6,5.66,1
2209.8,1363.6,357.0,489.2,6.98,1
2291.1,1375.8,228.7,686.5,4.99,1
1371.7,948.3,171.9,251.5,2.9,0
3012.5,1976.1,449.7,586.8,5.91,1
2146.2,1576.5,115.1,454.6,7.47,1
